Using pre-set license
Built from '2022.3/staging' branch; Version is '2022.3.9f1 (ea401c316338) revision 15351836'; Using compiler version '192829333'; Build Type 'Release'
OS: 'Windows 11  (10.0.26100) 64bit Professional' Language: 'en' Physical Memory: 32605 MB
BatchMode: 1, IsHumanControllingUs: 0, StartBugReporterOnCrash: 0, Is64bit: 1, IsPro: 1

COMMAND LINE ARGUMENTS:
C:\Program Files\Unity\Hub\Editor\2022.3.9f1\Editor\Unity.exe
-adb2
-batchMode
-noUpm
-name
AssetImportWorker0
-projectPath
C:/Users/keray/OneDrive/Documents/GitHub/MazeLingua
-logFile
Logs/AssetImportWorker0.log
-srvPort
59849
Successfully changed project path to: C:/Users/keray/OneDrive/Documents/GitHub/MazeLingua
C:/Users/keray/OneDrive/Documents/GitHub/MazeLingua
[UnityMemory] Configuration Parameters - Can be set up in boot.config
    "memorysetup-bucket-allocator-granularity=16"
    "memorysetup-bucket-allocator-bucket-count=8"
    "memorysetup-bucket-allocator-block-size=33554432"
    "memorysetup-bucket-allocator-block-count=8"
    "memorysetup-main-allocator-block-size=16777216"
    "memorysetup-thread-allocator-block-size=16777216"
    "memorysetup-gfx-main-allocator-block-size=16777216"
    "memorysetup-gfx-thread-allocator-block-size=16777216"
    "memorysetup-cache-allocator-block-size=4194304"
    "memorysetup-typetree-allocator-block-size=2097152"
    "memorysetup-profiler-bucket-allocator-granularity=16"
    "memorysetup-profiler-bucket-allocator-bucket-count=8"
    "memorysetup-profiler-bucket-allocator-block-size=33554432"
    "memorysetup-profiler-bucket-allocator-block-count=8"
    "memorysetup-profiler-allocator-block-size=16777216"
    "memorysetup-profiler-editor-allocator-block-size=1048576"
    "memorysetup-temp-allocator-size-main=16777216"
    "memorysetup-job-temp-allocator-block-size=2097152"
    "memorysetup-job-temp-allocator-block-size-background=1048576"
    "memorysetup-job-temp-allocator-reduction-small-platforms=262144"
    "memorysetup-allocator-temp-initial-block-size-main=262144"
    "memorysetup-allocator-temp-initial-block-size-worker=262144"
    "memorysetup-temp-allocator-size-background-worker=32768"
    "memorysetup-temp-allocator-size-job-worker=262144"
    "memorysetup-temp-allocator-size-preload-manager=33554432"
    "memorysetup-temp-allocator-size-nav-mesh-worker=65536"
    "memorysetup-temp-allocator-size-audio-worker=65536"
    "memorysetup-temp-allocator-size-cloud-worker=32768"
    "memorysetup-temp-allocator-size-gi-baking-worker=262144"
    "memorysetup-temp-allocator-size-gfx=262144"
Player connection [11904] Host "[IP] 192.168.1.14 [Port] 0 [Flags] 2 [Guid] 3846562635 [EditorId] 3846562635 [Version] 1048832 [Id] WindowsEditor(7,DESKTOP-GKT6A7J) [Debug] 1 [PackageName] WindowsEditor [ProjectName] Editor" joined multi-casting on [225.0.0.222:54997]...

Player connection [11904] Host "[IP] 192.168.1.14 [Port] 0 [Flags] 2 [Guid] 3846562635 [EditorId] 3846562635 [Version] 1048832 [Id] WindowsEditor(7,DESKTOP-GKT6A7J) [Debug] 1 [PackageName] WindowsEditor [ProjectName] Editor" joined alternative multi-casting on [225.0.0.222:34997]...

[Physics::Module] Initialized MultithreadedJobDispatcher with 11 workers.
Refreshing native plugins compatible for Editor in 9.00 ms, found 3 plugins.
Preloading 0 native plugins for Editor in 0.00 ms.
Initialize engine version: 2022.3.9f1 (ea401c316338)
[Subsystems] Discovering subsystems at path C:/Program Files/Unity/Hub/Editor/2022.3.9f1/Editor/Data/Resources/UnitySubsystems
[Subsystems] Discovering subsystems at path C:/Users/keray/OneDrive/Documents/GitHub/MazeLingua/Assets
GfxDevice: creating device client; threaded=0; jobified=0
Direct3D:
    Version:  Direct3D 11.0 [level 11.1]
    Renderer: AMD Radeon RX 7600 (ID=0x7480)
    Vendor:   ATI
    VRAM:     8176 MB
    Driver:   32.0.21013.1000
Initialize mono
Mono path[0] = 'C:/Program Files/Unity/Hub/Editor/2022.3.9f1/Editor/Data/Managed'
Mono path[1] = 'C:/Program Files/Unity/Hub/Editor/2022.3.9f1/Editor/Data/MonoBleedingEdge/lib/mono/unityjit-win32'
Mono config path = 'C:/Program Files/Unity/Hub/Editor/2022.3.9f1/Editor/Data/MonoBleedingEdge/etc'
Using monoOptions --debugger-agent=transport=dt_socket,embedding=1,server=y,suspend=n,address=127.0.0.1:56676
Begin MonoManager ReloadAssembly
Registering precompiled unity dll's ...
Register platform support module: C:/Program Files/Unity/Hub/Editor/2022.3.9f1/Editor/Data/PlaybackEngines/WindowsStandaloneSupport/UnityEditor.WindowsStandalone.Extensions.dll
Registered in 0.005796 seconds.
- Loaded All Assemblies, in  0.325 seconds
Native extension for WindowsStandalone target not found
Mono: successfully reloaded assembly
- Finished resetting the current domain, in  0.229 seconds
Domain Reload Profiling: 553ms
	BeginReloadAssembly (101ms)
		ExecutionOrderSort (0ms)
		DisableScriptedObjects (0ms)
		BackupInstance (0ms)
		ReleaseScriptingObjects (0ms)
		CreateAndSetChildDomain (1ms)
	RebuildCommonClasses (34ms)
	RebuildNativeTypeToScriptingClass (9ms)
	initialDomainReloadingComplete (50ms)
	LoadAllAssembliesAndSetupDomain (129ms)
		LoadAssemblies (99ms)
		RebuildTransferFunctionScriptingTraits (0ms)
		AnalyzeDomain (127ms)
			TypeCache.Refresh (126ms)
				TypeCache.ScanAssembly (114ms)
			ScanForSourceGeneratedMonoScriptInfo (0ms)
			ResolveRequiredComponents (0ms)
	FinalizeReload (230ms)
		ReleaseScriptCaches (0ms)
		RebuildScriptCaches (0ms)
		SetupLoadedEditorAssemblies (180ms)
			LogAssemblyErrors (0ms)
			InitializePlatformSupportModulesInManaged (8ms)
			SetLoadedEditorAssemblies (7ms)
			RefreshPlugins (0ms)
			BeforeProcessingInitializeOnLoad (2ms)
			ProcessInitializeOnLoadAttributes (120ms)
			ProcessInitializeOnLoadMethodAttributes (43ms)
			AfterProcessingInitializeOnLoad (0ms)
			EditorAssembliesLoaded (0ms)
		ExecutionOrderSort2 (0ms)
		AwakeInstancesAfterBackupRestoration (0ms)
========================================================================
Worker process is ready to serve import requests
Begin MonoManager ReloadAssembly
- Loaded All Assemblies, in  0.611 seconds
Refreshing native plugins compatible for Editor in 3.61 ms, found 3 plugins.
Native extension for WindowsStandalone target not found
Package Manager log level set to [2]
[Package Manager] Server::EnsureServerProcessIsRunning -- launch failed, reason: Unity was launched with the -noUpm command-line argument
[Package Manager] UpmClient::Send -- Unable to send message (not connected to UPM process).
[Package Manager] Cannot connect to Unity Package Manager local server
Mono: successfully reloaded assembly
- Finished resetting the current domain, in  0.610 seconds
Domain Reload Profiling: 1219ms
	BeginReloadAssembly (137ms)
		ExecutionOrderSort (0ms)
		DisableScriptedObjects (5ms)
		BackupInstance (0ms)
		ReleaseScriptingObjects (0ms)
		CreateAndSetChildDomain (17ms)
	RebuildCommonClasses (28ms)
	RebuildNativeTypeToScriptingClass (11ms)
	initialDomainReloadingComplete (41ms)
	LoadAllAssembliesAndSetupDomain (391ms)
		LoadAssemblies (310ms)
		RebuildTransferFunctionScriptingTraits (0ms)
		AnalyzeDomain (164ms)
			TypeCache.Refresh (146ms)
				TypeCache.ScanAssembly (132ms)
			ScanForSourceGeneratedMonoScriptInfo (13ms)
			ResolveRequiredComponents (4ms)
	FinalizeReload (611ms)
		ReleaseScriptCaches (0ms)
		RebuildScriptCaches (0ms)
		SetupLoadedEditorAssemblies (474ms)
			LogAssemblyErrors (0ms)
			InitializePlatformSupportModulesInManaged (6ms)
			SetLoadedEditorAssemblies (4ms)
			RefreshPlugins (0ms)
			BeforeProcessingInitializeOnLoad (54ms)
			ProcessInitializeOnLoadAttributes (381ms)
			ProcessInitializeOnLoadMethodAttributes (22ms)
			AfterProcessingInitializeOnLoad (7ms)
			EditorAssembliesLoaded (0ms)
		ExecutionOrderSort2 (0ms)
		AwakeInstancesAfterBackupRestoration (7ms)
Launched and connected shader compiler UnityShaderCompiler.exe after 0.05 seconds
Refreshing native plugins compatible for Editor in 3.22 ms, found 3 plugins.
Preloading 0 native plugins for Editor in 0.00 ms.
Unloading 3149 Unused Serialized files (Serialized files now loaded: 0)
Unloading 33 unused Assets / (56.4 KB). Loaded Objects now: 3624.
Memory consumption went from 120.4 MB to 120.4 MB.
Total: 2.820000 ms (FindLiveObjects: 0.152400 ms CreateObjectMapping: 0.125200 ms MarkObjects: 2.456400 ms  DeleteObjects: 0.084900 ms)

AssetImportParameters requested are different than current active one (requested -> active):
  custom:container-demuxer-ogg: 62fdf1f143b41e24485cea50d1cbac27 -> 
  custom:video-decoder-ogg-theora: a1e56fd34408186e4bbccfd4996cb3dc -> 
  custom:framework-win-MediaFoundation: 216162199b28c13a410421893ffa2e32 -> 
  custom:CustomObjectIndexerAttribute: 756ad292c208cfabdd7b50bc23989ffe -> 
  custom:container-demuxer-webm: 4f35f7cbe854078d1ac9338744f61a02 -> 
  custom:container-muxer-webm: aa71ff27fc2769a1b78a27578f13a17b -> 
  custom:video-decoder-webm-vp8: 9c59270c3fd7afecdb556c50c9e8de78 -> 
  custom:SearchIndexIgnoredProperties: e643bd26f0fe6173181afceb89e7c659 -> 
  custom:AudioImporter_EditorPlatform: d09bf68614088b80899f8185d706f6e7 -> 
  custom:video-encoder-webm-vp8: eb34c28f22e8b96e1ab97ce403110664 -> 
  custom:audio-decoder-ogg-vorbis: bf7c407c2cedff20999df2af8eb42d56 -> 
  custom:audio-encoder-webm-vorbis: bf7c407c2cedff20999df2af8eb42d56 -> 
========================================================================
Received Import Request.
  Time since last request: 258771.749900 seconds.
  path: Assets/Stylized NPC - Peasant Nolant/Prefabs
  artifactKey: Guid(c1e92b359d55e9e409a9930f4385bc21) Importer(815301076,1909f56bfc062723c751e8b465ee728b)
Start importing Assets/Stylized NPC - Peasant Nolant/Prefabs using Guid(c1e92b359d55e9e409a9930f4385bc21) Importer(815301076,1909f56bfc062723c751e8b465ee728b)  -> (artifact id: '409142df20d05e66fb835c42b627b462') in 0.002181 seconds
Number of updated asset objects reloaded before import = 0
Number of asset objects unloaded after import = 0
========================================================================
Received Import Request.
  Time since last request: 0.000024 seconds.
  path: Assets/Stylized NPC - Peasant Nolant/Prefabs/Peasant Nolant Blue(Free Version).prefab
  artifactKey: Guid(64db8d48fab1ceb43a8ee5d52643029a) Importer(815301076,1909f56bfc062723c751e8b465ee728b)
Start importing Assets/Stylized NPC - Peasant Nolant/Prefabs/Peasant Nolant Blue(Free Version).prefab using Guid(64db8d48fab1ceb43a8ee5d52643029a) Importer(815301076,1909f56bfc062723c751e8b465ee728b)  -> (artifact id: 'cc39817e280911d18fbeaddbfff61cf5') in 0.140715 seconds
Number of updated asset objects reloaded before import = 0
Number of asset objects unloaded after import = 106
========================================================================
Received Import Request.
  Time since last request: 0.000019 seconds.
  path: Assets/Stylized NPC - Peasant Nolant/Prefabs/Peasant Nolant Green(Free Version).prefab
  artifactKey: Guid(7d67ac5cfda0b944580afbed7561ec82) Importer(815301076,1909f56bfc062723c751e8b465ee728b)
Start importing Assets/Stylized NPC - Peasant Nolant/Prefabs/Peasant Nolant Green(Free Version).prefab using Guid(7d67ac5cfda0b944580afbed7561ec82) Importer(815301076,1909f56bfc062723c751e8b465ee728b)  -> (artifact id: '34567dcff0b9e7c39636bba0371b2e30') in 0.019465 seconds
Number of updated asset objects reloaded before import = 0
Number of asset objects unloaded after import = 106
========================================================================
Received Import Request.
  Time since last request: 18.894536 seconds.
  path: Assets/Kartograph/Demo/Prefabs/3D/Easy/RoomColorRed.prefab
  artifactKey: Guid(36e365eb4b2c2d44192e15cb575b5950) Importer(815301076,1909f56bfc062723c751e8b465ee728b)
Start importing Assets/Kartograph/Demo/Prefabs/3D/Easy/RoomColorRed.prefab using Guid(36e365eb4b2c2d44192e15cb575b5950) Importer(815301076,1909f56bfc062723c751e8b465ee728b)  -> (artifact id: '5842ec0ef0228db88a023eba8f5cffb9') in 0.113198 seconds
Number of updated asset objects reloaded before import = 0
Number of asset objects unloaded after import = 284
========================================================================
Received Import Request.
  Time since last request: 0.000029 seconds.
  path: Assets/Kartograph/Demo/Prefabs/3D/Easy/RoomTable.prefab
  artifactKey: Guid(64c7f013cfbb98d4cadca554e0dd0421) Importer(815301076,1909f56bfc062723c751e8b465ee728b)
Start importing Assets/Kartograph/Demo/Prefabs/3D/Easy/RoomTable.prefab using Guid(64c7f013cfbb98d4cadca554e0dd0421) Importer(815301076,1909f56bfc062723c751e8b465ee728b)  -> (artifact id: 'af15bf86def323044af4177c1c1838d3') in 0.059386 seconds
Number of updated asset objects reloaded before import = 0
Number of asset objects unloaded after import = 299
========================================================================
Received Import Request.
  Time since last request: 85.815202 seconds.
  path: Assets/Stylized NPC - Peasant Nolant/Materials
  artifactKey: Guid(450b7235dd9f1184eb152153aa9342b2) Importer(815301076,1909f56bfc062723c751e8b465ee728b)
Start importing Assets/Stylized NPC - Peasant Nolant/Materials using Guid(450b7235dd9f1184eb152153aa9342b2) Importer(815301076,1909f56bfc062723c751e8b465ee728b)  -> (artifact id: 'a635d995ec3bb4dd1ea0dedd2627ce23') in 0.000586 seconds
Number of updated asset objects reloaded before import = 0
Number of asset objects unloaded after import = 0
========================================================================
Received Import Request.
  Time since last request: 0.058028 seconds.
  path: Assets/Stylized NPC - Peasant Nolant/Materials/Peasant Nolant Blue.mat
  artifactKey: Guid(c0eef74a623ce29459e6b936afe3c76a) Importer(815301076,1909f56bfc062723c751e8b465ee728b)
Start importing Assets/Stylized NPC - Peasant Nolant/Materials/Peasant Nolant Blue.mat using Guid(c0eef74a623ce29459e6b936afe3c76a) Importer(815301076,1909f56bfc062723c751e8b465ee728b)  -> (artifact id: '9cb43d1eb03450f183f6e75f10af5455') in 0.040381 seconds
Number of updated asset objects reloaded before import = 0
Number of asset objects unloaded after import = 2
========================================================================
Received Import Request.
  Time since last request: 0.000017 seconds.
  path: Assets/Stylized NPC - Peasant Nolant/Materials/Peasant Nolant Yellow.mat
  artifactKey: Guid(b5588b6e42615a54586d7cf12825dcd8) Importer(815301076,1909f56bfc062723c751e8b465ee728b)
Start importing Assets/Stylized NPC - Peasant Nolant/Materials/Peasant Nolant Yellow.mat using Guid(b5588b6e42615a54586d7cf12825dcd8) Importer(815301076,1909f56bfc062723c751e8b465ee728b)  -> (artifact id: '8d0fd5418dabeba4d65e5133e666bb67') in 0.016868 seconds
Number of updated asset objects reloaded before import = 0
Number of asset objects unloaded after import = 2
========================================================================
Received Import Request.
  Time since last request: 1.880618 seconds.
  path: Assets/Stylized NPC - Peasant Nolant/Models
  artifactKey: Guid(15aedf4487246c841a296a4a9261b852) Importer(815301076,1909f56bfc062723c751e8b465ee728b)
Start importing Assets/Stylized NPC - Peasant Nolant/Models using Guid(15aedf4487246c841a296a4a9261b852) Importer(815301076,1909f56bfc062723c751e8b465ee728b)  -> (artifact id: '5acf33f8df391e837e7ce682b80a7ffe') in 0.000410 seconds
Number of updated asset objects reloaded before import = 0
Number of asset objects unloaded after import = 0
========================================================================
Received Import Request.
  Time since last request: 0.058567 seconds.
  path: Assets/Stylized NPC - Peasant Nolant/Models/Peasant Nolant(Free Version).fbx
  artifactKey: Guid(de76d67d0ab88dc439b10b32370775ea) Importer(815301076,1909f56bfc062723c751e8b465ee728b)
Start importing Assets/Stylized NPC - Peasant Nolant/Models/Peasant Nolant(Free Version).fbx using Guid(de76d67d0ab88dc439b10b32370775ea) Importer(815301076,1909f56bfc062723c751e8b465ee728b)  -> (artifact id: '58fa097e71ed4dea4c8cb821c5832c74') in 0.066703 seconds
Number of updated asset objects reloaded before import = 0
Number of asset objects unloaded after import = 108
========================================================================
Received Import Request.
  Time since last request: 58.249164 seconds.
  path: Assets/Kartograph/Demo/Prefabs/3D/Easy/RoomChest.prefab
  artifactKey: Guid(37397042b63958749882c7bff52d4dff) Importer(815301076,1909f56bfc062723c751e8b465ee728b)
Start importing Assets/Kartograph/Demo/Prefabs/3D/Easy/RoomChest.prefab using Guid(37397042b63958749882c7bff52d4dff) Importer(815301076,1909f56bfc062723c751e8b465ee728b)  -> (artifact id: '6e66ca8b516cc16ff7029c7342c34d1d') in 0.075407 seconds
Number of updated asset objects reloaded before import = 0
Number of asset objects unloaded after import = 562
========================================================================
Received Import Request.
  Time since last request: 8.055157 seconds.
  path: Assets/Kartograph/Demo/Prefabs/3D/Easy/RoomColorRed.prefab
  artifactKey: Guid(36e365eb4b2c2d44192e15cb575b5950) Importer(815301076,1909f56bfc062723c751e8b465ee728b)
Start importing Assets/Kartograph/Demo/Prefabs/3D/Easy/RoomColorRed.prefab using Guid(36e365eb4b2c2d44192e15cb575b5950) Importer(815301076,1909f56bfc062723c751e8b465ee728b)  -> (artifact id: '6a00134c634f04512f2de2276d47e9e9') in 0.038900 seconds
Number of updated asset objects reloaded before import = 0
Number of asset objects unloaded after import = 489
========================================================================
Received Import Request.
  Time since last request: 4.374230 seconds.
  path: Assets/Kartograph/Demo/Prefabs/3D/Easy/RoomColorRed.prefab
  artifactKey: Guid(36e365eb4b2c2d44192e15cb575b5950) Importer(815301076,1909f56bfc062723c751e8b465ee728b)
Start importing Assets/Kartograph/Demo/Prefabs/3D/Easy/RoomColorRed.prefab using Guid(36e365eb4b2c2d44192e15cb575b5950) Importer(815301076,1909f56bfc062723c751e8b465ee728b)  -> (artifact id: '88745538508201e5dff85e01c9d73d95') in 0.041071 seconds
Number of updated asset objects reloaded before import = 0
Number of asset objects unloaded after import = 489
========================================================================
Received Import Request.
  Time since last request: 4.394095 seconds.
  path: Assets/Kartograph/Demo/Prefabs/3D/Easy/RoomColorRed.prefab
  artifactKey: Guid(36e365eb4b2c2d44192e15cb575b5950) Importer(815301076,1909f56bfc062723c751e8b465ee728b)
Start importing Assets/Kartograph/Demo/Prefabs/3D/Easy/RoomColorRed.prefab using Guid(36e365eb4b2c2d44192e15cb575b5950) Importer(815301076,1909f56bfc062723c751e8b465ee728b)  -> (artifact id: 'c12eb2e919b059811b767c8a37250df0') in 0.038988 seconds
Number of updated asset objects reloaded before import = 0
Number of asset objects unloaded after import = 489
========================================================================
Received Import Request.
  Time since last request: 6.607983 seconds.
  path: Assets/Kartograph/Demo/Prefabs/3D/Easy/RoomColorRed.prefab
  artifactKey: Guid(36e365eb4b2c2d44192e15cb575b5950) Importer(815301076,1909f56bfc062723c751e8b465ee728b)
Start importing Assets/Kartograph/Demo/Prefabs/3D/Easy/RoomColorRed.prefab using Guid(36e365eb4b2c2d44192e15cb575b5950) Importer(815301076,1909f56bfc062723c751e8b465ee728b)  -> (artifact id: 'fe1be50a70c342a141f438c96fd58d7d') in 0.042460 seconds
Number of updated asset objects reloaded before import = 0
Number of asset objects unloaded after import = 489
========================================================================
Received Import Request.
  Time since last request: 5.593685 seconds.
  path: Assets/Kartograph/Demo/Prefabs/3D/Easy/RoomColorRed.prefab
  artifactKey: Guid(36e365eb4b2c2d44192e15cb575b5950) Importer(815301076,1909f56bfc062723c751e8b465ee728b)
Start importing Assets/Kartograph/Demo/Prefabs/3D/Easy/RoomColorRed.prefab using Guid(36e365eb4b2c2d44192e15cb575b5950) Importer(815301076,1909f56bfc062723c751e8b465ee728b)  -> (artifact id: 'ff9b774c452ae2e95bb751df6b5d35dc') in 0.041388 seconds
Number of updated asset objects reloaded before import = 0
Number of asset objects unloaded after import = 489
========================================================================
Received Import Request.
  Time since last request: 1.369896 seconds.
  path: Assets/Kartograph/Demo/Prefabs/3D/Easy/RoomColorRed.prefab
  artifactKey: Guid(36e365eb4b2c2d44192e15cb575b5950) Importer(815301076,1909f56bfc062723c751e8b465ee728b)
Start importing Assets/Kartograph/Demo/Prefabs/3D/Easy/RoomColorRed.prefab using Guid(36e365eb4b2c2d44192e15cb575b5950) Importer(815301076,1909f56bfc062723c751e8b465ee728b)  -> (artifact id: 'b2722fc072efb4b1363b4f49f7e016f2') in 0.036396 seconds
Number of updated asset objects reloaded before import = 0
Number of asset objects unloaded after import = 489
========================================================================
Received Import Request.
  Time since last request: 4.010705 seconds.
  path: Assets/Kartograph/Demo/Prefabs/3D/Easy/RoomColorRed.prefab
  artifactKey: Guid(36e365eb4b2c2d44192e15cb575b5950) Importer(815301076,1909f56bfc062723c751e8b465ee728b)
Start importing Assets/Kartograph/Demo/Prefabs/3D/Easy/RoomColorRed.prefab using Guid(36e365eb4b2c2d44192e15cb575b5950) Importer(815301076,1909f56bfc062723c751e8b465ee728b)  -> (artifact id: '265cda8a2a8262ecec39f4326af79000') in 0.042746 seconds
Number of updated asset objects reloaded before import = 0
Number of asset objects unloaded after import = 489
========================================================================
Received Import Request.
  Time since last request: 6.799204 seconds.
  path: Assets/Kartograph/Demo/Prefabs/3D/Easy/RoomColorRed.prefab
  artifactKey: Guid(36e365eb4b2c2d44192e15cb575b5950) Importer(815301076,1909f56bfc062723c751e8b465ee728b)
Start importing Assets/Kartograph/Demo/Prefabs/3D/Easy/RoomColorRed.prefab using Guid(36e365eb4b2c2d44192e15cb575b5950) Importer(815301076,1909f56bfc062723c751e8b465ee728b)  -> (artifact id: 'ee59e9906622cafd238405caa4282ecd') in 0.039079 seconds
Number of updated asset objects reloaded before import = 0
Number of asset objects unloaded after import = 489
========================================================================
Received Import Request.
  Time since last request: 17.767368 seconds.
  path: Assets/Kartograph/Demo/Prefabs/3D/Easy/RoomColorRed.prefab
  artifactKey: Guid(36e365eb4b2c2d44192e15cb575b5950) Importer(815301076,1909f56bfc062723c751e8b465ee728b)
Start importing Assets/Kartograph/Demo/Prefabs/3D/Easy/RoomColorRed.prefab using Guid(36e365eb4b2c2d44192e15cb575b5950) Importer(815301076,1909f56bfc062723c751e8b465ee728b)  -> (artifact id: 'b5db7822a9d64a5e203bef449c074481') in 0.040290 seconds
Number of updated asset objects reloaded before import = 0
Number of asset objects unloaded after import = 489
========================================================================
Received Import Request.
  Time since last request: 6.006493 seconds.
  path: Assets/Kartograph/Demo/Prefabs/3D/Easy/RoomSkull.prefab
  artifactKey: Guid(e7a44541ce241984e80a6fcef0fc2acf) Importer(815301076,1909f56bfc062723c751e8b465ee728b)
Start importing Assets/Kartograph/Demo/Prefabs/3D/Easy/RoomSkull.prefab using Guid(e7a44541ce241984e80a6fcef0fc2acf) Importer(815301076,1909f56bfc062723c751e8b465ee728b)  -> (artifact id: '2f3df703e2988fc4991974814d6593d4') in 0.049068 seconds
Number of updated asset objects reloaded before import = 0
Number of asset objects unloaded after import = 522
========================================================================
Received Import Request.
  Time since last request: 2.770522 seconds.
  path: Assets/Kartograph/Demo/Prefabs/3D/Easy/RoomSkull.prefab
  artifactKey: Guid(e7a44541ce241984e80a6fcef0fc2acf) Importer(815301076,1909f56bfc062723c751e8b465ee728b)
Start importing Assets/Kartograph/Demo/Prefabs/3D/Easy/RoomSkull.prefab using Guid(e7a44541ce241984e80a6fcef0fc2acf) Importer(815301076,1909f56bfc062723c751e8b465ee728b)  -> (artifact id: '04a88e44e6e4be56c8900054b0eb3174') in 0.050647 seconds
Number of updated asset objects reloaded before import = 0
Number of asset objects unloaded after import = 522
========================================================================
Received Import Request.
  Time since last request: 3.572259 seconds.
  path: Assets/Kartograph/Demo/Prefabs/3D/Easy/RoomSkull.prefab
  artifactKey: Guid(e7a44541ce241984e80a6fcef0fc2acf) Importer(815301076,1909f56bfc062723c751e8b465ee728b)
Start importing Assets/Kartograph/Demo/Prefabs/3D/Easy/RoomSkull.prefab using Guid(e7a44541ce241984e80a6fcef0fc2acf) Importer(815301076,1909f56bfc062723c751e8b465ee728b)  -> (artifact id: '326d9face0624d40831fc6b572493e74') in 0.048144 seconds
Number of updated asset objects reloaded before import = 0
Number of asset objects unloaded after import = 522
========================================================================
Received Import Request.
  Time since last request: 1.770522 seconds.
  path: Assets/Kartograph/Demo/Prefabs/3D/Easy/RoomSkull.prefab
  artifactKey: Guid(e7a44541ce241984e80a6fcef0fc2acf) Importer(815301076,1909f56bfc062723c751e8b465ee728b)
Start importing Assets/Kartograph/Demo/Prefabs/3D/Easy/RoomSkull.prefab using Guid(e7a44541ce241984e80a6fcef0fc2acf) Importer(815301076,1909f56bfc062723c751e8b465ee728b)  -> (artifact id: 'e88ce220a4aaaa08ee115c9098968515') in 0.049049 seconds
Number of updated asset objects reloaded before import = 0
Number of asset objects unloaded after import = 522
========================================================================
Received Import Request.
  Time since last request: 2.373204 seconds.
  path: Assets/Kartograph/Demo/Prefabs/3D/Easy/RoomSkull.prefab
  artifactKey: Guid(e7a44541ce241984e80a6fcef0fc2acf) Importer(815301076,1909f56bfc062723c751e8b465ee728b)
Start importing Assets/Kartograph/Demo/Prefabs/3D/Easy/RoomSkull.prefab using Guid(e7a44541ce241984e80a6fcef0fc2acf) Importer(815301076,1909f56bfc062723c751e8b465ee728b)  -> (artifact id: 'a4c68e5cd2e1d87cc0214840232a7542') in 0.049146 seconds
Number of updated asset objects reloaded before import = 0
Number of asset objects unloaded after import = 522
========================================================================
Received Import Request.
  Time since last request: 1.361373 seconds.
  path: Assets/Kartograph/Demo/Prefabs/3D/Easy/RoomSkull.prefab
  artifactKey: Guid(e7a44541ce241984e80a6fcef0fc2acf) Importer(815301076,1909f56bfc062723c751e8b465ee728b)
Start importing Assets/Kartograph/Demo/Prefabs/3D/Easy/RoomSkull.prefab using Guid(e7a44541ce241984e80a6fcef0fc2acf) Importer(815301076,1909f56bfc062723c751e8b465ee728b)  -> (artifact id: '59c84b1d6d8ab0dd1affd086e7ccf802') in 0.050402 seconds
Number of updated asset objects reloaded before import = 0
Number of asset objects unloaded after import = 522
========================================================================
Received Import Request.
  Time since last request: 3.377652 seconds.
  path: Assets/Kartograph/Demo/Prefabs/3D/Easy/RoomSkull.prefab
  artifactKey: Guid(e7a44541ce241984e80a6fcef0fc2acf) Importer(815301076,1909f56bfc062723c751e8b465ee728b)
Start importing Assets/Kartograph/Demo/Prefabs/3D/Easy/RoomSkull.prefab using Guid(e7a44541ce241984e80a6fcef0fc2acf) Importer(815301076,1909f56bfc062723c751e8b465ee728b)  -> (artifact id: '210d5223462cbbae1c88e9166d549d78') in 0.050469 seconds
Number of updated asset objects reloaded before import = 0
Number of asset objects unloaded after import = 522
========================================================================
Received Import Request.
  Time since last request: 1.762933 seconds.
  path: Assets/Kartograph/Demo/Prefabs/3D/Easy/RoomSkull.prefab
  artifactKey: Guid(e7a44541ce241984e80a6fcef0fc2acf) Importer(815301076,1909f56bfc062723c751e8b465ee728b)
Start importing Assets/Kartograph/Demo/Prefabs/3D/Easy/RoomSkull.prefab using Guid(e7a44541ce241984e80a6fcef0fc2acf) Importer(815301076,1909f56bfc062723c751e8b465ee728b)  -> (artifact id: 'a1bbd75af643e1efecd5c992171696ce') in 0.051173 seconds
Number of updated asset objects reloaded before import = 0
Number of asset objects unloaded after import = 522
========================================================================
Received Import Request.
  Time since last request: 2.377930 seconds.
  path: Assets/Kartograph/Demo/Prefabs/3D/Easy/RoomSkull.prefab
  artifactKey: Guid(e7a44541ce241984e80a6fcef0fc2acf) Importer(815301076,1909f56bfc062723c751e8b465ee728b)
Start importing Assets/Kartograph/Demo/Prefabs/3D/Easy/RoomSkull.prefab using Guid(e7a44541ce241984e80a6fcef0fc2acf) Importer(815301076,1909f56bfc062723c751e8b465ee728b)  -> (artifact id: '0b8d98a4948b08b2f1f35103bb9137b7') in 0.046848 seconds
Number of updated asset objects reloaded before import = 0
Number of asset objects unloaded after import = 522
========================================================================
Received Import Request.
  Time since last request: 3.773739 seconds.
  path: Assets/Kartograph/Demo/Prefabs/3D/Easy/RoomSkull.prefab
  artifactKey: Guid(e7a44541ce241984e80a6fcef0fc2acf) Importer(815301076,1909f56bfc062723c751e8b465ee728b)
Start importing Assets/Kartograph/Demo/Prefabs/3D/Easy/RoomSkull.prefab using Guid(e7a44541ce241984e80a6fcef0fc2acf) Importer(815301076,1909f56bfc062723c751e8b465ee728b)  -> (artifact id: '8ee57960bd99750dc57629723d2fde95') in 0.046542 seconds
Number of updated asset objects reloaded before import = 0
Number of asset objects unloaded after import = 522
========================================================================
Received Import Request.
  Time since last request: 1.169459 seconds.
  path: Assets/Kartograph/Demo/Prefabs/3D/Easy/RoomSkull.prefab
  artifactKey: Guid(e7a44541ce241984e80a6fcef0fc2acf) Importer(815301076,1909f56bfc062723c751e8b465ee728b)
Start importing Assets/Kartograph/Demo/Prefabs/3D/Easy/RoomSkull.prefab using Guid(e7a44541ce241984e80a6fcef0fc2acf) Importer(815301076,1909f56bfc062723c751e8b465ee728b)  -> (artifact id: 'daef82a7d05996109e6e762360adeb94') in 0.044905 seconds
Number of updated asset objects reloaded before import = 0
Number of asset objects unloaded after import = 522
========================================================================
Received Import Request.
  Time since last request: 7.823942 seconds.
  path: Assets/Kartograph/Demo/Prefabs/3D/Easy/RoomSkull.prefab
  artifactKey: Guid(e7a44541ce241984e80a6fcef0fc2acf) Importer(815301076,1909f56bfc062723c751e8b465ee728b)
Start importing Assets/Kartograph/Demo/Prefabs/3D/Easy/RoomSkull.prefab using Guid(e7a44541ce241984e80a6fcef0fc2acf) Importer(815301076,1909f56bfc062723c751e8b465ee728b)  -> (artifact id: 'f2121e11e03fab2cd9091ab0fc0753ce') in 0.048108 seconds
Number of updated asset objects reloaded before import = 0
Number of asset objects unloaded after import = 522
========================================================================
Received Import Request.
  Time since last request: 3.361089 seconds.
  path: Assets/Kartograph/Demo/Prefabs/3D/Easy/RoomSkull.prefab
  artifactKey: Guid(e7a44541ce241984e80a6fcef0fc2acf) Importer(815301076,1909f56bfc062723c751e8b465ee728b)
Start importing Assets/Kartograph/Demo/Prefabs/3D/Easy/RoomSkull.prefab using Guid(e7a44541ce241984e80a6fcef0fc2acf) Importer(815301076,1909f56bfc062723c751e8b465ee728b)  -> (artifact id: '1e02d4f5750693369edb0a3fbc7a092c') in 0.044506 seconds
Number of updated asset objects reloaded before import = 0
Number of asset objects unloaded after import = 522
========================================================================
Received Import Request.
  Time since last request: 3.579641 seconds.
  path: Assets/Kartograph/Demo/Prefabs/3D/Easy/RoomSkull.prefab
  artifactKey: Guid(e7a44541ce241984e80a6fcef0fc2acf) Importer(815301076,1909f56bfc062723c751e8b465ee728b)
Start importing Assets/Kartograph/Demo/Prefabs/3D/Easy/RoomSkull.prefab using Guid(e7a44541ce241984e80a6fcef0fc2acf) Importer(815301076,1909f56bfc062723c751e8b465ee728b)  -> (artifact id: '46c73e3712d60e1d36152a2b09a72e49') in 0.046306 seconds
Number of updated asset objects reloaded before import = 0
Number of asset objects unloaded after import = 522
========================================================================
Received Import Request.
  Time since last request: 1.964171 seconds.
  path: Assets/Kartograph/Demo/Prefabs/3D/Easy/RoomSkull.prefab
  artifactKey: Guid(e7a44541ce241984e80a6fcef0fc2acf) Importer(815301076,1909f56bfc062723c751e8b465ee728b)
Start importing Assets/Kartograph/Demo/Prefabs/3D/Easy/RoomSkull.prefab using Guid(e7a44541ce241984e80a6fcef0fc2acf) Importer(815301076,1909f56bfc062723c751e8b465ee728b)  -> (artifact id: '00d3e89087594d16c98a7d0566cecb42') in 0.048429 seconds
Number of updated asset objects reloaded before import = 0
Number of asset objects unloaded after import = 522
========================================================================
Received Import Request.
  Time since last request: 8.435849 seconds.
  path: Assets/Kartograph/Demo/Prefabs/3D/Easy/RoomTable.prefab
  artifactKey: Guid(64c7f013cfbb98d4cadca554e0dd0421) Importer(815301076,1909f56bfc062723c751e8b465ee728b)
Start importing Assets/Kartograph/Demo/Prefabs/3D/Easy/RoomTable.prefab using Guid(64c7f013cfbb98d4cadca554e0dd0421) Importer(815301076,1909f56bfc062723c751e8b465ee728b)  -> (artifact id: '70ee384247d699a2149df1d6533d7a91') in 0.045508 seconds
Number of updated asset objects reloaded before import = 0
Number of asset objects unloaded after import = 504
========================================================================
Received Import Request.
  Time since last request: 2.550001 seconds.
  path: Assets/Kartograph/Demo/Prefabs/3D/Easy/RoomTable.prefab
  artifactKey: Guid(64c7f013cfbb98d4cadca554e0dd0421) Importer(815301076,1909f56bfc062723c751e8b465ee728b)
Start importing Assets/Kartograph/Demo/Prefabs/3D/Easy/RoomTable.prefab using Guid(64c7f013cfbb98d4cadca554e0dd0421) Importer(815301076,1909f56bfc062723c751e8b465ee728b)  -> (artifact id: '909d7831984a04a33ae4f63440a9e97b') in 0.045156 seconds
Number of updated asset objects reloaded before import = 0
Number of asset objects unloaded after import = 504
========================================================================
Received Import Request.
  Time since last request: 3.981558 seconds.
  path: Assets/Kartograph/Demo/Prefabs/3D/Easy/RoomTable.prefab
  artifactKey: Guid(64c7f013cfbb98d4cadca554e0dd0421) Importer(815301076,1909f56bfc062723c751e8b465ee728b)
Start importing Assets/Kartograph/Demo/Prefabs/3D/Easy/RoomTable.prefab using Guid(64c7f013cfbb98d4cadca554e0dd0421) Importer(815301076,1909f56bfc062723c751e8b465ee728b)  -> (artifact id: '1af5d2d353c685baba2dbca0530652df') in 0.046560 seconds
Number of updated asset objects reloaded before import = 0
Number of asset objects unloaded after import = 504
========================================================================
Received Import Request.
  Time since last request: 2.375919 seconds.
  path: Assets/Kartograph/Demo/Prefabs/3D/Easy/RoomTable.prefab
  artifactKey: Guid(64c7f013cfbb98d4cadca554e0dd0421) Importer(815301076,1909f56bfc062723c751e8b465ee728b)
Start importing Assets/Kartograph/Demo/Prefabs/3D/Easy/RoomTable.prefab using Guid(64c7f013cfbb98d4cadca554e0dd0421) Importer(815301076,1909f56bfc062723c751e8b465ee728b)  -> (artifact id: 'f545ef75f11d564ef18b876d502968d5') in 0.047866 seconds
Number of updated asset objects reloaded before import = 0
Number of asset objects unloaded after import = 504
========================================================================
Received Import Request.
  Time since last request: 1.964874 seconds.
  path: Assets/Kartograph/Demo/Prefabs/3D/Easy/RoomTable.prefab
  artifactKey: Guid(64c7f013cfbb98d4cadca554e0dd0421) Importer(815301076,1909f56bfc062723c751e8b465ee728b)
Start importing Assets/Kartograph/Demo/Prefabs/3D/Easy/RoomTable.prefab using Guid(64c7f013cfbb98d4cadca554e0dd0421) Importer(815301076,1909f56bfc062723c751e8b465ee728b)  -> (artifact id: '4784310c654b24deaa36b9ad76bdf2de') in 0.044003 seconds
Number of updated asset objects reloaded before import = 0
Number of asset objects unloaded after import = 504
========================================================================
Received Import Request.
  Time since last request: 4.586930 seconds.
  path: Assets/Kartograph/Demo/Prefabs/3D/Easy/RoomTable.prefab
  artifactKey: Guid(64c7f013cfbb98d4cadca554e0dd0421) Importer(815301076,1909f56bfc062723c751e8b465ee728b)
Start importing Assets/Kartograph/Demo/Prefabs/3D/Easy/RoomTable.prefab using Guid(64c7f013cfbb98d4cadca554e0dd0421) Importer(815301076,1909f56bfc062723c751e8b465ee728b)  -> (artifact id: 'a5f746952c726307c942289f7e5b3885') in 0.045819 seconds
Number of updated asset objects reloaded before import = 0
Number of asset objects unloaded after import = 504
========================================================================
Received Import Request.
  Time since last request: 3.580021 seconds.
  path: Assets/Kartograph/Demo/Prefabs/3D/Easy/RoomTable.prefab
  artifactKey: Guid(64c7f013cfbb98d4cadca554e0dd0421) Importer(815301076,1909f56bfc062723c751e8b465ee728b)
Start importing Assets/Kartograph/Demo/Prefabs/3D/Easy/RoomTable.prefab using Guid(64c7f013cfbb98d4cadca554e0dd0421) Importer(815301076,1909f56bfc062723c751e8b465ee728b)  -> (artifact id: '4a9baefd4fc98cfd0096c1d8990d20b1') in 0.043097 seconds
Number of updated asset objects reloaded before import = 0
Number of asset objects unloaded after import = 504
========================================================================
Received Import Request.
  Time since last request: 0.762710 seconds.
  path: Assets/Kartograph/Demo/Prefabs/3D/Easy/RoomTable.prefab
  artifactKey: Guid(64c7f013cfbb98d4cadca554e0dd0421) Importer(815301076,1909f56bfc062723c751e8b465ee728b)
Start importing Assets/Kartograph/Demo/Prefabs/3D/Easy/RoomTable.prefab using Guid(64c7f013cfbb98d4cadca554e0dd0421) Importer(815301076,1909f56bfc062723c751e8b465ee728b)  -> (artifact id: '92b7e2ab7cf2c62c2af719558b8b3f26') in 0.044605 seconds
Number of updated asset objects reloaded before import = 0
Number of asset objects unloaded after import = 504
========================================================================
Received Import Request.
  Time since last request: 2.974252 seconds.
  path: Assets/Kartograph/Demo/Prefabs/3D/Easy/RoomTable.prefab
  artifactKey: Guid(64c7f013cfbb98d4cadca554e0dd0421) Importer(815301076,1909f56bfc062723c751e8b465ee728b)
Start importing Assets/Kartograph/Demo/Prefabs/3D/Easy/RoomTable.prefab using Guid(64c7f013cfbb98d4cadca554e0dd0421) Importer(815301076,1909f56bfc062723c751e8b465ee728b)  -> (artifact id: 'eb434ff826f86c280947326118bd7de3') in 0.045835 seconds
Number of updated asset objects reloaded before import = 0
Number of asset objects unloaded after import = 504
========================================================================
Received Import Request.
  Time since last request: 3.390464 seconds.
  path: Assets/Kartograph/Demo/Prefabs/3D/Easy/RoomTable.prefab
  artifactKey: Guid(64c7f013cfbb98d4cadca554e0dd0421) Importer(815301076,1909f56bfc062723c751e8b465ee728b)
Start importing Assets/Kartograph/Demo/Prefabs/3D/Easy/RoomTable.prefab using Guid(64c7f013cfbb98d4cadca554e0dd0421) Importer(815301076,1909f56bfc062723c751e8b465ee728b)  -> (artifact id: '6c97b846ba4021f8d92140c4170b0ffe') in 0.045222 seconds
Number of updated asset objects reloaded before import = 0
Number of asset objects unloaded after import = 504
========================================================================
Received Import Request.
  Time since last request: 3.178583 seconds.
  path: Assets/Kartograph/Demo/Prefabs/3D/Easy/RoomTable.prefab
  artifactKey: Guid(64c7f013cfbb98d4cadca554e0dd0421) Importer(815301076,1909f56bfc062723c751e8b465ee728b)
Start importing Assets/Kartograph/Demo/Prefabs/3D/Easy/RoomTable.prefab using Guid(64c7f013cfbb98d4cadca554e0dd0421) Importer(815301076,1909f56bfc062723c751e8b465ee728b)  -> (artifact id: 'ebe5a87aadbc5808d982f274b6372191') in 0.043472 seconds
Number of updated asset objects reloaded before import = 0
Number of asset objects unloaded after import = 504
========================================================================
Received Import Request.
  Time since last request: 3.613399 seconds.
  path: Assets/Kartograph/Demo/Prefabs/3D/Easy/RoomTable.prefab
  artifactKey: Guid(64c7f013cfbb98d4cadca554e0dd0421) Importer(815301076,1909f56bfc062723c751e8b465ee728b)
Start importing Assets/Kartograph/Demo/Prefabs/3D/Easy/RoomTable.prefab using Guid(64c7f013cfbb98d4cadca554e0dd0421) Importer(815301076,1909f56bfc062723c751e8b465ee728b)  -> (artifact id: 'f092db5a40cb6883dbe6c1f317d7c08d') in 0.046816 seconds
Number of updated asset objects reloaded before import = 0
Number of asset objects unloaded after import = 504
========================================================================
Received Import Request.
  Time since last request: 5.656146 seconds.
  path: Assets/Kartograph/Demo/Prefabs/3D/Medium/RoomArrowLeft.prefab
  artifactKey: Guid(9dfb38722664a4140a45d8d9176175f2) Importer(815301076,1909f56bfc062723c751e8b465ee728b)
Start importing Assets/Kartograph/Demo/Prefabs/3D/Medium/RoomArrowLeft.prefab using Guid(9dfb38722664a4140a45d8d9176175f2) Importer(815301076,1909f56bfc062723c751e8b465ee728b)  -> (artifact id: '7579e0f73946a512018f92f858438c67') in 0.063297 seconds
Number of updated asset objects reloaded before import = 0
Number of asset objects unloaded after import = 355
========================================================================
Received Import Request.
  Time since last request: 0.000017 seconds.
  path: Assets/Kartograph/Demo/Prefabs/3D/Medium/RoomTablePrep.prefab
  artifactKey: Guid(5ffe2d3f95634e74eb3e77d8f6796494) Importer(815301076,1909f56bfc062723c751e8b465ee728b)
Start importing Assets/Kartograph/Demo/Prefabs/3D/Medium/RoomTablePrep.prefab using Guid(5ffe2d3f95634e74eb3e77d8f6796494) Importer(815301076,1909f56bfc062723c751e8b465ee728b)  -> (artifact id: '635790f11c7520713188c5fc098139a9') in 0.079094 seconds
Number of updated asset objects reloaded before import = 0
Number of asset objects unloaded after import = 325
========================================================================
Received Import Request.
  Time since last request: 8.276931 seconds.
  path: Assets/Kartograph/Demo/Prefabs/3D/Medium/RoomArrowLeft.prefab
  artifactKey: Guid(9dfb38722664a4140a45d8d9176175f2) Importer(815301076,1909f56bfc062723c751e8b465ee728b)
Start importing Assets/Kartograph/Demo/Prefabs/3D/Medium/RoomArrowLeft.prefab using Guid(9dfb38722664a4140a45d8d9176175f2) Importer(815301076,1909f56bfc062723c751e8b465ee728b)  -> (artifact id: 'a039ec1ae36f1d22bd5242403bcbb47a') in 0.050782 seconds
Number of updated asset objects reloaded before import = 0
Number of asset objects unloaded after import = 560
========================================================================
Received Import Request.
  Time since last request: 2.958419 seconds.
  path: Assets/Kartograph/Demo/Prefabs/3D/Medium/RoomArrowLeft.prefab
  artifactKey: Guid(9dfb38722664a4140a45d8d9176175f2) Importer(815301076,1909f56bfc062723c751e8b465ee728b)
Start importing Assets/Kartograph/Demo/Prefabs/3D/Medium/RoomArrowLeft.prefab using Guid(9dfb38722664a4140a45d8d9176175f2) Importer(815301076,1909f56bfc062723c751e8b465ee728b)  -> (artifact id: '09ae8b94f1f85e705442153478f9510a') in 0.051128 seconds
Number of updated asset objects reloaded before import = 0
Number of asset objects unloaded after import = 560
========================================================================
Received Import Request.
  Time since last request: 3.981397 seconds.
  path: Assets/Kartograph/Demo/Prefabs/3D/Medium/RoomArrowLeft.prefab
  artifactKey: Guid(9dfb38722664a4140a45d8d9176175f2) Importer(815301076,1909f56bfc062723c751e8b465ee728b)
Start importing Assets/Kartograph/Demo/Prefabs/3D/Medium/RoomArrowLeft.prefab using Guid(9dfb38722664a4140a45d8d9176175f2) Importer(815301076,1909f56bfc062723c751e8b465ee728b)  -> (artifact id: '3e7fcef26709fef8a644164c2b825b07') in 0.051730 seconds
Number of updated asset objects reloaded before import = 0
Number of asset objects unloaded after import = 560
========================================================================
Received Import Request.
  Time since last request: 1.362366 seconds.
  path: Assets/Kartograph/Demo/Prefabs/3D/Medium/RoomArrowLeft.prefab
  artifactKey: Guid(9dfb38722664a4140a45d8d9176175f2) Importer(815301076,1909f56bfc062723c751e8b465ee728b)
Start importing Assets/Kartograph/Demo/Prefabs/3D/Medium/RoomArrowLeft.prefab using Guid(9dfb38722664a4140a45d8d9176175f2) Importer(815301076,1909f56bfc062723c751e8b465ee728b)  -> (artifact id: '53a415a866acdd07ac49f3a1dd3748a9') in 0.050530 seconds
Number of updated asset objects reloaded before import = 0
Number of asset objects unloaded after import = 560
========================================================================
Received Import Request.
  Time since last request: 2.359806 seconds.
  path: Assets/Kartograph/Demo/Prefabs/3D/Medium/RoomArrowLeft.prefab
  artifactKey: Guid(9dfb38722664a4140a45d8d9176175f2) Importer(815301076,1909f56bfc062723c751e8b465ee728b)
Start importing Assets/Kartograph/Demo/Prefabs/3D/Medium/RoomArrowLeft.prefab using Guid(9dfb38722664a4140a45d8d9176175f2) Importer(815301076,1909f56bfc062723c751e8b465ee728b)  -> (artifact id: '12df48488cc99a5c9fb10a970d6c227b') in 0.050156 seconds
Number of updated asset objects reloaded before import = 0
Number of asset objects unloaded after import = 560
========================================================================
Received Import Request.
  Time since last request: 5.790989 seconds.
  path: Assets/Kartograph/Demo/Prefabs/3D/Medium/RoomArrowLeft.prefab
  artifactKey: Guid(9dfb38722664a4140a45d8d9176175f2) Importer(815301076,1909f56bfc062723c751e8b465ee728b)
Start importing Assets/Kartograph/Demo/Prefabs/3D/Medium/RoomArrowLeft.prefab using Guid(9dfb38722664a4140a45d8d9176175f2) Importer(815301076,1909f56bfc062723c751e8b465ee728b)  -> (artifact id: '0ee279e13e87c81dc7523cfed196ee01') in 0.049097 seconds
Number of updated asset objects reloaded before import = 0
Number of asset objects unloaded after import = 560
========================================================================
Received Import Request.
  Time since last request: 1.361548 seconds.
  path: Assets/Kartograph/Demo/Prefabs/3D/Medium/RoomArrowLeft.prefab
  artifactKey: Guid(9dfb38722664a4140a45d8d9176175f2) Importer(815301076,1909f56bfc062723c751e8b465ee728b)
Start importing Assets/Kartograph/Demo/Prefabs/3D/Medium/RoomArrowLeft.prefab using Guid(9dfb38722664a4140a45d8d9176175f2) Importer(815301076,1909f56bfc062723c751e8b465ee728b)  -> (artifact id: '04d3658e8cd75ddad38d2a9ea51947b7') in 0.050178 seconds
Number of updated asset objects reloaded before import = 0
Number of asset objects unloaded after import = 560
========================================================================
Received Import Request.
  Time since last request: 2.563638 seconds.
  path: Assets/Kartograph/Demo/Prefabs/3D/Medium/RoomArrowLeft.prefab
  artifactKey: Guid(9dfb38722664a4140a45d8d9176175f2) Importer(815301076,1909f56bfc062723c751e8b465ee728b)
Start importing Assets/Kartograph/Demo/Prefabs/3D/Medium/RoomArrowLeft.prefab using Guid(9dfb38722664a4140a45d8d9176175f2) Importer(815301076,1909f56bfc062723c751e8b465ee728b)  -> (artifact id: '65d944ba3d30dbc0ae84e1759f975afd') in 0.053913 seconds
Number of updated asset objects reloaded before import = 0
Number of asset objects unloaded after import = 560
========================================================================
Received Import Request.
  Time since last request: 3.165669 seconds.
  path: Assets/Kartograph/Demo/Prefabs/3D/Medium/RoomArrowLeft.prefab
  artifactKey: Guid(9dfb38722664a4140a45d8d9176175f2) Importer(815301076,1909f56bfc062723c751e8b465ee728b)
Start importing Assets/Kartograph/Demo/Prefabs/3D/Medium/RoomArrowLeft.prefab using Guid(9dfb38722664a4140a45d8d9176175f2) Importer(815301076,1909f56bfc062723c751e8b465ee728b)  -> (artifact id: '3a8d893d7fa3d8b252e26c1b02a9b745') in 0.052304 seconds
Number of updated asset objects reloaded before import = 0
Number of asset objects unloaded after import = 560
========================================================================
Received Import Request.
  Time since last request: 2.368889 seconds.
  path: Assets/Kartograph/Demo/Prefabs/3D/Medium/RoomArrowLeft.prefab
  artifactKey: Guid(9dfb38722664a4140a45d8d9176175f2) Importer(815301076,1909f56bfc062723c751e8b465ee728b)
Start importing Assets/Kartograph/Demo/Prefabs/3D/Medium/RoomArrowLeft.prefab using Guid(9dfb38722664a4140a45d8d9176175f2) Importer(815301076,1909f56bfc062723c751e8b465ee728b)  -> (artifact id: '620e31cbf76a1a43c1033e337dc3b5f1') in 0.055352 seconds
Number of updated asset objects reloaded before import = 0
Number of asset objects unloaded after import = 560
========================================================================
Received Import Request.
  Time since last request: 4.466617 seconds.
  path: Assets/Kartograph/Demo/Prefabs/3D/Medium/RoomArrowLeft.prefab
  artifactKey: Guid(9dfb38722664a4140a45d8d9176175f2) Importer(815301076,1909f56bfc062723c751e8b465ee728b)
Start importing Assets/Kartograph/Demo/Prefabs/3D/Medium/RoomArrowLeft.prefab using Guid(9dfb38722664a4140a45d8d9176175f2) Importer(815301076,1909f56bfc062723c751e8b465ee728b)  -> (artifact id: '76481e14804d189be722f7d09a56cd7f') in 0.048573 seconds
Number of updated asset objects reloaded before import = 0
Number of asset objects unloaded after import = 560
========================================================================
Received Import Request.
  Time since last request: 1.967471 seconds.
  path: Assets/Kartograph/Demo/Prefabs/3D/Medium/RoomArrowLeft.prefab
  artifactKey: Guid(9dfb38722664a4140a45d8d9176175f2) Importer(815301076,1909f56bfc062723c751e8b465ee728b)
Start importing Assets/Kartograph/Demo/Prefabs/3D/Medium/RoomArrowLeft.prefab using Guid(9dfb38722664a4140a45d8d9176175f2) Importer(815301076,1909f56bfc062723c751e8b465ee728b)  -> (artifact id: '2536f01269f13a0336e63ec90adfbe3c') in 0.058954 seconds
Number of updated asset objects reloaded before import = 0
Number of asset objects unloaded after import = 560
========================================================================
Received Import Request.
  Time since last request: 9.431627 seconds.
  path: Assets/Kartograph/Demo/Prefabs/3D/Medium/RoomSmallSkullAdj.prefab
  artifactKey: Guid(93a214cca61f87a43ac7e66be83406cf) Importer(815301076,1909f56bfc062723c751e8b465ee728b)
Start importing Assets/Kartograph/Demo/Prefabs/3D/Medium/RoomSmallSkullAdj.prefab using Guid(93a214cca61f87a43ac7e66be83406cf) Importer(815301076,1909f56bfc062723c751e8b465ee728b)  -> (artifact id: '84a2f4c0fe3803918cbe56af08b6da83') in 0.050830 seconds
Number of updated asset objects reloaded before import = 0
Number of asset objects unloaded after import = 511
========================================================================
Received Import Request.
  Time since last request: 4.371969 seconds.
  path: Assets/Kartograph/Demo/Prefabs/3D/Medium/RoomSmallSkullAdj.prefab
  artifactKey: Guid(93a214cca61f87a43ac7e66be83406cf) Importer(815301076,1909f56bfc062723c751e8b465ee728b)
Start importing Assets/Kartograph/Demo/Prefabs/3D/Medium/RoomSmallSkullAdj.prefab using Guid(93a214cca61f87a43ac7e66be83406cf) Importer(815301076,1909f56bfc062723c751e8b465ee728b)  -> (artifact id: 'a4f2982ff3bdfd0a0439a1282808990c') in 0.055896 seconds
Number of updated asset objects reloaded before import = 0
Number of asset objects unloaded after import = 511
========================================================================
Received Import Request.
  Time since last request: 4.773858 seconds.
  path: Assets/Kartograph/Demo/Prefabs/3D/Medium/RoomSmallSkullAdj.prefab
  artifactKey: Guid(93a214cca61f87a43ac7e66be83406cf) Importer(815301076,1909f56bfc062723c751e8b465ee728b)
Start importing Assets/Kartograph/Demo/Prefabs/3D/Medium/RoomSmallSkullAdj.prefab using Guid(93a214cca61f87a43ac7e66be83406cf) Importer(815301076,1909f56bfc062723c751e8b465ee728b)  -> (artifact id: 'bd6b84eba82d748015ab50e081eb50e8') in 0.054420 seconds
Number of updated asset objects reloaded before import = 0
Number of asset objects unloaded after import = 511
========================================================================
Received Import Request.
  Time since last request: 2.758862 seconds.
  path: Assets/Kartograph/Demo/Prefabs/3D/Medium/RoomSmallSkullAdj.prefab
  artifactKey: Guid(93a214cca61f87a43ac7e66be83406cf) Importer(815301076,1909f56bfc062723c751e8b465ee728b)
Start importing Assets/Kartograph/Demo/Prefabs/3D/Medium/RoomSmallSkullAdj.prefab using Guid(93a214cca61f87a43ac7e66be83406cf) Importer(815301076,1909f56bfc062723c751e8b465ee728b)  -> (artifact id: 'aa17e1d6096361a44881eda88ba39abe') in 0.059646 seconds
Number of updated asset objects reloaded before import = 0
Number of asset objects unloaded after import = 511
========================================================================
Received Import Request.
  Time since last request: 2.968981 seconds.
  path: Assets/Kartograph/Demo/Prefabs/3D/Medium/RoomSmallSkullAdj.prefab
  artifactKey: Guid(93a214cca61f87a43ac7e66be83406cf) Importer(815301076,1909f56bfc062723c751e8b465ee728b)
Start importing Assets/Kartograph/Demo/Prefabs/3D/Medium/RoomSmallSkullAdj.prefab using Guid(93a214cca61f87a43ac7e66be83406cf) Importer(815301076,1909f56bfc062723c751e8b465ee728b)  -> (artifact id: '737edf877eb1a60e183f945e18a21dc8') in 0.053957 seconds
Number of updated asset objects reloaded before import = 0
Number of asset objects unloaded after import = 511
========================================================================
Received Import Request.
  Time since last request: 3.586218 seconds.
  path: Assets/Kartograph/Demo/Prefabs/3D/Medium/RoomSmallSkullAdj.prefab
  artifactKey: Guid(93a214cca61f87a43ac7e66be83406cf) Importer(815301076,1909f56bfc062723c751e8b465ee728b)
Start importing Assets/Kartograph/Demo/Prefabs/3D/Medium/RoomSmallSkullAdj.prefab using Guid(93a214cca61f87a43ac7e66be83406cf) Importer(815301076,1909f56bfc062723c751e8b465ee728b)  -> (artifact id: 'f92c2c97d1225432196e9a88c157f25e') in 0.056492 seconds
Number of updated asset objects reloaded before import = 0
Number of asset objects unloaded after import = 511
========================================================================
Received Import Request.
  Time since last request: 1.351683 seconds.
  path: Assets/Kartograph/Demo/Prefabs/3D/Medium/RoomSmallSkullAdj.prefab
  artifactKey: Guid(93a214cca61f87a43ac7e66be83406cf) Importer(815301076,1909f56bfc062723c751e8b465ee728b)
Start importing Assets/Kartograph/Demo/Prefabs/3D/Medium/RoomSmallSkullAdj.prefab using Guid(93a214cca61f87a43ac7e66be83406cf) Importer(815301076,1909f56bfc062723c751e8b465ee728b)  -> (artifact id: 'd7e730c408564283d152e667d2218dcf') in 0.056368 seconds
Number of updated asset objects reloaded before import = 0
Number of asset objects unloaded after import = 511
========================================================================
Received Import Request.
  Time since last request: 4.170225 seconds.
  path: Assets/Kartograph/Demo/Prefabs/3D/Medium/RoomSmallSkullAdj.prefab
  artifactKey: Guid(93a214cca61f87a43ac7e66be83406cf) Importer(815301076,1909f56bfc062723c751e8b465ee728b)
Start importing Assets/Kartograph/Demo/Prefabs/3D/Medium/RoomSmallSkullAdj.prefab using Guid(93a214cca61f87a43ac7e66be83406cf) Importer(815301076,1909f56bfc062723c751e8b465ee728b)  -> (artifact id: '1a12137e4186b3d49b9d55bb9dcefb3a') in 0.054182 seconds
Number of updated asset objects reloaded before import = 0
Number of asset objects unloaded after import = 511
========================================================================
Received Import Request.
  Time since last request: 2.554776 seconds.
  path: Assets/Kartograph/Demo/Prefabs/3D/Medium/RoomSmallSkullAdj.prefab
  artifactKey: Guid(93a214cca61f87a43ac7e66be83406cf) Importer(815301076,1909f56bfc062723c751e8b465ee728b)
Start importing Assets/Kartograph/Demo/Prefabs/3D/Medium/RoomSmallSkullAdj.prefab using Guid(93a214cca61f87a43ac7e66be83406cf) Importer(815301076,1909f56bfc062723c751e8b465ee728b)  -> (artifact id: '9a9247c080f3e2c63a82847676e6d61c') in 0.069196 seconds
Number of updated asset objects reloaded before import = 0
Number of asset objects unloaded after import = 511
========================================================================
Received Import Request.
  Time since last request: 3.279923 seconds.
  path: Assets/Kartograph/Demo/Prefabs/3D/Medium/RoomSmallSkullAdj.prefab
  artifactKey: Guid(93a214cca61f87a43ac7e66be83406cf) Importer(815301076,1909f56bfc062723c751e8b465ee728b)
Start importing Assets/Kartograph/Demo/Prefabs/3D/Medium/RoomSmallSkullAdj.prefab using Guid(93a214cca61f87a43ac7e66be83406cf) Importer(815301076,1909f56bfc062723c751e8b465ee728b)  -> (artifact id: 'd9889bf96195ded772246759303515af') in 0.053412 seconds
Number of updated asset objects reloaded before import = 0
Number of asset objects unloaded after import = 511
========================================================================
Received Import Request.
  Time since last request: 1.971508 seconds.
  path: Assets/Kartograph/Demo/Prefabs/3D/Medium/RoomSmallSkullAdj.prefab
  artifactKey: Guid(93a214cca61f87a43ac7e66be83406cf) Importer(815301076,1909f56bfc062723c751e8b465ee728b)
Start importing Assets/Kartograph/Demo/Prefabs/3D/Medium/RoomSmallSkullAdj.prefab using Guid(93a214cca61f87a43ac7e66be83406cf) Importer(815301076,1909f56bfc062723c751e8b465ee728b)  -> (artifact id: 'f92adc56c95268f8869dc756bd0c3613') in 0.056473 seconds
Number of updated asset objects reloaded before import = 0
Number of asset objects unloaded after import = 511
========================================================================
Received Import Request.
  Time since last request: 324.123506 seconds.
  path: Assets/Kartograph/Demo/Prefabs/3D/Medium/RoomTablePrep.prefab
  artifactKey: Guid(5ffe2d3f95634e74eb3e77d8f6796494) Importer(815301076,1909f56bfc062723c751e8b465ee728b)
Start importing Assets/Kartograph/Demo/Prefabs/3D/Medium/RoomTablePrep.prefab using Guid(5ffe2d3f95634e74eb3e77d8f6796494) Importer(815301076,1909f56bfc062723c751e8b465ee728b)  -> (artifact id: 'ddfe5400354dd533afdd0061450bde86') in 0.064590 seconds
Number of updated asset objects reloaded before import = 0
Number of asset objects unloaded after import = 530
========================================================================
Received Import Request.
  Time since last request: 5.159469 seconds.
  path: Assets/Kartograph/Demo/Prefabs/3D/Medium/RoomTablePrep.prefab
  artifactKey: Guid(5ffe2d3f95634e74eb3e77d8f6796494) Importer(815301076,1909f56bfc062723c751e8b465ee728b)
Start importing Assets/Kartograph/Demo/Prefabs/3D/Medium/RoomTablePrep.prefab using Guid(5ffe2d3f95634e74eb3e77d8f6796494) Importer(815301076,1909f56bfc062723c751e8b465ee728b)  -> (artifact id: '91429778f40fce1947731ec26a908d9b') in 0.053326 seconds
Number of updated asset objects reloaded before import = 0
Number of asset objects unloaded after import = 530
========================================================================
Received Import Request.
  Time since last request: 2.964642 seconds.
  path: Assets/Kartograph/Demo/Prefabs/3D/Medium/RoomTablePrep.prefab
  artifactKey: Guid(5ffe2d3f95634e74eb3e77d8f6796494) Importer(815301076,1909f56bfc062723c751e8b465ee728b)
Start importing Assets/Kartograph/Demo/Prefabs/3D/Medium/RoomTablePrep.prefab using Guid(5ffe2d3f95634e74eb3e77d8f6796494) Importer(815301076,1909f56bfc062723c751e8b465ee728b)  -> (artifact id: '9383cd9c9b0497270036ef7d3c49a294') in 0.055381 seconds
Number of updated asset objects reloaded before import = 0
Number of asset objects unloaded after import = 530
========================================================================
Received Import Request.
  Time since last request: 1.960864 seconds.
  path: Assets/Kartograph/Demo/Prefabs/3D/Medium/RoomTablePrep.prefab
  artifactKey: Guid(5ffe2d3f95634e74eb3e77d8f6796494) Importer(815301076,1909f56bfc062723c751e8b465ee728b)
Start importing Assets/Kartograph/Demo/Prefabs/3D/Medium/RoomTablePrep.prefab using Guid(5ffe2d3f95634e74eb3e77d8f6796494) Importer(815301076,1909f56bfc062723c751e8b465ee728b)  -> (artifact id: '20d6ff432d3b07423e8d45db9e6fdadc') in 0.054901 seconds
Number of updated asset objects reloaded before import = 0
Number of asset objects unloaded after import = 530
========================================================================
Received Import Request.
  Time since last request: 2.561088 seconds.
  path: Assets/Kartograph/Demo/Prefabs/3D/Medium/RoomTablePrep.prefab
  artifactKey: Guid(5ffe2d3f95634e74eb3e77d8f6796494) Importer(815301076,1909f56bfc062723c751e8b465ee728b)
Start importing Assets/Kartograph/Demo/Prefabs/3D/Medium/RoomTablePrep.prefab using Guid(5ffe2d3f95634e74eb3e77d8f6796494) Importer(815301076,1909f56bfc062723c751e8b465ee728b)  -> (artifact id: '48f359a1c5682e99f342db33044e046b') in 0.053884 seconds
Number of updated asset objects reloaded before import = 0
Number of asset objects unloaded after import = 530
========================================================================
Received Import Request.
  Time since last request: 5.379095 seconds.
  path: Assets/Kartograph/Demo/Prefabs/3D/Medium/RoomTablePrep.prefab
  artifactKey: Guid(5ffe2d3f95634e74eb3e77d8f6796494) Importer(815301076,1909f56bfc062723c751e8b465ee728b)
Start importing Assets/Kartograph/Demo/Prefabs/3D/Medium/RoomTablePrep.prefab using Guid(5ffe2d3f95634e74eb3e77d8f6796494) Importer(815301076,1909f56bfc062723c751e8b465ee728b)  -> (artifact id: 'b12f231f511882e6014c2f6eedfe0054') in 0.054699 seconds
Number of updated asset objects reloaded before import = 0
Number of asset objects unloaded after import = 530
========================================================================
Received Import Request.
  Time since last request: 3.974857 seconds.
  path: Assets/Kartograph/Demo/Prefabs/3D/Medium/RoomTablePrep.prefab
  artifactKey: Guid(5ffe2d3f95634e74eb3e77d8f6796494) Importer(815301076,1909f56bfc062723c751e8b465ee728b)
Start importing Assets/Kartograph/Demo/Prefabs/3D/Medium/RoomTablePrep.prefab using Guid(5ffe2d3f95634e74eb3e77d8f6796494) Importer(815301076,1909f56bfc062723c751e8b465ee728b)  -> (artifact id: 'b6877ed9a5bd4bdfcb5a2fd8d3540df2') in 0.056555 seconds
Number of updated asset objects reloaded before import = 0
Number of asset objects unloaded after import = 530
========================================================================
Received Import Request.
  Time since last request: 2.957004 seconds.
  path: Assets/Kartograph/Demo/Prefabs/3D/Medium/RoomTablePrep.prefab
  artifactKey: Guid(5ffe2d3f95634e74eb3e77d8f6796494) Importer(815301076,1909f56bfc062723c751e8b465ee728b)
Start importing Assets/Kartograph/Demo/Prefabs/3D/Medium/RoomTablePrep.prefab using Guid(5ffe2d3f95634e74eb3e77d8f6796494) Importer(815301076,1909f56bfc062723c751e8b465ee728b)  -> (artifact id: 'b3f17d2fc8864ddc38815fe6b780c934') in 0.057835 seconds
Number of updated asset objects reloaded before import = 0
Number of asset objects unloaded after import = 530
========================================================================
Received Import Request.
  Time since last request: 10.674589 seconds.
  path: Assets/Kartograph/Demo/Prefabs/3D/Medium/RoomTablePrep.prefab
  artifactKey: Guid(5ffe2d3f95634e74eb3e77d8f6796494) Importer(815301076,1909f56bfc062723c751e8b465ee728b)
Start importing Assets/Kartograph/Demo/Prefabs/3D/Medium/RoomTablePrep.prefab using Guid(5ffe2d3f95634e74eb3e77d8f6796494) Importer(815301076,1909f56bfc062723c751e8b465ee728b)  -> (artifact id: '07c9a3e84bb070682a32f67ef66e1459') in 0.054267 seconds
Number of updated asset objects reloaded before import = 0
Number of asset objects unloaded after import = 530
========================================================================
Received Import Request.
  Time since last request: 2.151165 seconds.
  path: Assets/Kartograph/Demo/Prefabs/3D/Medium/RoomTablePrep.prefab
  artifactKey: Guid(5ffe2d3f95634e74eb3e77d8f6796494) Importer(815301076,1909f56bfc062723c751e8b465ee728b)
Start importing Assets/Kartograph/Demo/Prefabs/3D/Medium/RoomTablePrep.prefab using Guid(5ffe2d3f95634e74eb3e77d8f6796494) Importer(815301076,1909f56bfc062723c751e8b465ee728b)  -> (artifact id: '6e6aad5791dc30bfe3f54f01f0b1eb51') in 0.052612 seconds
Number of updated asset objects reloaded before import = 0
Number of asset objects unloaded after import = 530
========================================================================
Received Prepare
Begin MonoManager ReloadAssembly
- Loaded All Assemblies, in  0.392 seconds
Refreshing native plugins compatible for Editor in 3.00 ms, found 3 plugins.
Native extension for WindowsStandalone target not found
[Package Manager] Server::EnsureServerProcessIsRunning -- launch failed, reason: Unity was launched with the -noUpm command-line argument
[Package Manager] UpmClient::Send -- Unable to send message (not connected to UPM process).
[Package Manager] Cannot connect to Unity Package Manager local server
Mono: successfully reloaded assembly
- Finished resetting the current domain, in  1.006 seconds
Domain Reload Profiling: 1395ms
	BeginReloadAssembly (141ms)
		ExecutionOrderSort (0ms)
		DisableScriptedObjects (4ms)
		BackupInstance (0ms)
		ReleaseScriptingObjects (0ms)
		CreateAndSetChildDomain (35ms)
	RebuildCommonClasses (24ms)
	RebuildNativeTypeToScriptingClass (8ms)
	initialDomainReloadingComplete (26ms)
	LoadAllAssembliesAndSetupDomain (189ms)
		LoadAssemblies (249ms)
		RebuildTransferFunctionScriptingTraits (0ms)
		AnalyzeDomain (10ms)
			TypeCache.Refresh (5ms)
				TypeCache.ScanAssembly (0ms)
			ScanForSourceGeneratedMonoScriptInfo (0ms)
			ResolveRequiredComponents (4ms)
	FinalizeReload (1006ms)
		ReleaseScriptCaches (0ms)
		RebuildScriptCaches (0ms)
		SetupLoadedEditorAssemblies (536ms)
			LogAssemblyErrors (0ms)
			InitializePlatformSupportModulesInManaged (9ms)
			SetLoadedEditorAssemblies (6ms)
			RefreshPlugins (0ms)
			BeforeProcessingInitializeOnLoad (80ms)
			ProcessInitializeOnLoadAttributes (406ms)
			ProcessInitializeOnLoadMethodAttributes (27ms)
			AfterProcessingInitializeOnLoad (8ms)
			EditorAssembliesLoaded (0ms)
		ExecutionOrderSort2 (0ms)
		AwakeInstancesAfterBackupRestoration (7ms)
Refreshing native plugins compatible for Editor in 3.73 ms, found 3 plugins.
Preloading 0 native plugins for Editor in 0.00 ms.
Unloading 3128 Unused Serialized files (Serialized files now loaded: 0)
Unloading 28 unused Assets / (31.4 KB). Loaded Objects now: 3681.
Memory consumption went from 123.9 MB to 123.8 MB.
Total: 2.701700 ms (FindLiveObjects: 0.156600 ms CreateObjectMapping: 0.069300 ms MarkObjects: 2.340800 ms  DeleteObjects: 0.134000 ms)

Prepare: number of updated asset objects reloaded= 0
AssetImportParameters requested are different than current active one (requested -> active):
  custom:container-demuxer-ogg: 62fdf1f143b41e24485cea50d1cbac27 -> 
  custom:video-decoder-ogg-theora: a1e56fd34408186e4bbccfd4996cb3dc -> 
  custom:framework-win-MediaFoundation: 216162199b28c13a410421893ffa2e32 -> 
  custom:CustomObjectIndexerAttribute: 756ad292c208cfabdd7b50bc23989ffe -> 
  custom:container-demuxer-webm: 4f35f7cbe854078d1ac9338744f61a02 -> 
  custom:container-muxer-webm: aa71ff27fc2769a1b78a27578f13a17b -> 
  custom:video-decoder-webm-vp8: 9c59270c3fd7afecdb556c50c9e8de78 -> 
  custom:SearchIndexIgnoredProperties: e643bd26f0fe6173181afceb89e7c659 -> 
  custom:AudioImporter_EditorPlatform: d09bf68614088b80899f8185d706f6e7 -> 
  custom:video-encoder-webm-vp8: eb34c28f22e8b96e1ab97ce403110664 -> 
  custom:audio-decoder-ogg-vorbis: bf7c407c2cedff20999df2af8eb42d56 -> 
  custom:audio-encoder-webm-vorbis: bf7c407c2cedff20999df2af8eb42d56 -> 
========================================================================
Received Prepare
Begin MonoManager ReloadAssembly
- Loaded All Assemblies, in  0.363 seconds
Refreshing native plugins compatible for Editor in 4.20 ms, found 3 plugins.
Native extension for WindowsStandalone target not found
[Package Manager] Server::EnsureServerProcessIsRunning -- launch failed, reason: Unity was launched with the -noUpm command-line argument
[Package Manager] UpmClient::Send -- Unable to send message (not connected to UPM process).
[Package Manager] Cannot connect to Unity Package Manager local server
Mono: successfully reloaded assembly
- Finished resetting the current domain, in  0.802 seconds
Domain Reload Profiling: 1162ms
	BeginReloadAssembly (131ms)
		ExecutionOrderSort (0ms)
		DisableScriptedObjects (4ms)
		BackupInstance (0ms)
		ReleaseScriptingObjects (0ms)
		CreateAndSetChildDomain (28ms)
	RebuildCommonClasses (26ms)
	RebuildNativeTypeToScriptingClass (8ms)
	initialDomainReloadingComplete (24ms)
	LoadAllAssembliesAndSetupDomain (170ms)
		LoadAssemblies (226ms)
		RebuildTransferFunctionScriptingTraits (0ms)
		AnalyzeDomain (13ms)
			TypeCache.Refresh (5ms)
				TypeCache.ScanAssembly (0ms)
			ScanForSourceGeneratedMonoScriptInfo (0ms)
			ResolveRequiredComponents (6ms)
	FinalizeReload (803ms)
		ReleaseScriptCaches (0ms)
		RebuildScriptCaches (0ms)
		SetupLoadedEditorAssemblies (400ms)
			LogAssemblyErrors (0ms)
			InitializePlatformSupportModulesInManaged (5ms)
			SetLoadedEditorAssemblies (4ms)
			RefreshPlugins (0ms)
			BeforeProcessingInitializeOnLoad (51ms)
			ProcessInitializeOnLoadAttributes (314ms)
			ProcessInitializeOnLoadMethodAttributes (19ms)
			AfterProcessingInitializeOnLoad (6ms)
			EditorAssembliesLoaded (0ms)
		ExecutionOrderSort2 (0ms)
		AwakeInstancesAfterBackupRestoration (7ms)
Refreshing native plugins compatible for Editor in 2.40 ms, found 3 plugins.
Preloading 0 native plugins for Editor in 0.00 ms.
Unloading 3128 Unused Serialized files (Serialized files now loaded: 0)
Unloading 23 unused Assets / (29.6 KB). Loaded Objects now: 3684.
Memory consumption went from 123.9 MB to 123.8 MB.
Total: 2.434700 ms (FindLiveObjects: 0.228000 ms CreateObjectMapping: 0.180800 ms MarkObjects: 1.988300 ms  DeleteObjects: 0.036700 ms)

Prepare: number of updated asset objects reloaded= 0
AssetImportParameters requested are different than current active one (requested -> active):
  custom:container-demuxer-ogg: 62fdf1f143b41e24485cea50d1cbac27 -> 
  custom:video-decoder-ogg-theora: a1e56fd34408186e4bbccfd4996cb3dc -> 
  custom:framework-win-MediaFoundation: 216162199b28c13a410421893ffa2e32 -> 
  custom:CustomObjectIndexerAttribute: 756ad292c208cfabdd7b50bc23989ffe -> 
  custom:container-demuxer-webm: 4f35f7cbe854078d1ac9338744f61a02 -> 
  custom:container-muxer-webm: aa71ff27fc2769a1b78a27578f13a17b -> 
  custom:video-decoder-webm-vp8: 9c59270c3fd7afecdb556c50c9e8de78 -> 
  custom:SearchIndexIgnoredProperties: e643bd26f0fe6173181afceb89e7c659 -> 
  custom:AudioImporter_EditorPlatform: d09bf68614088b80899f8185d706f6e7 -> 
  custom:video-encoder-webm-vp8: eb34c28f22e8b96e1ab97ce403110664 -> 
  custom:audio-decoder-ogg-vorbis: bf7c407c2cedff20999df2af8eb42d56 -> 
  custom:audio-encoder-webm-vorbis: bf7c407c2cedff20999df2af8eb42d56 -> 
========================================================================
Received Prepare
Begin MonoManager ReloadAssembly
- Loaded All Assemblies, in  0.358 seconds
Refreshing native plugins compatible for Editor in 2.83 ms, found 3 plugins.
Native extension for WindowsStandalone target not found
[Package Manager] Server::EnsureServerProcessIsRunning -- launch failed, reason: Unity was launched with the -noUpm command-line argument
[Package Manager] UpmClient::Send -- Unable to send message (not connected to UPM process).
[Package Manager] Cannot connect to Unity Package Manager local server
Mono: successfully reloaded assembly
- Finished resetting the current domain, in  0.794 seconds
Domain Reload Profiling: 1151ms
	BeginReloadAssembly (123ms)
		ExecutionOrderSort (0ms)
		DisableScriptedObjects (5ms)
		BackupInstance (0ms)
		ReleaseScriptingObjects (0ms)
		CreateAndSetChildDomain (25ms)
	RebuildCommonClasses (31ms)
	RebuildNativeTypeToScriptingClass (7ms)
	initialDomainReloadingComplete (24ms)
	LoadAllAssembliesAndSetupDomain (171ms)
		LoadAssemblies (226ms)
		RebuildTransferFunctionScriptingTraits (0ms)
		AnalyzeDomain (9ms)
			TypeCache.Refresh (4ms)
				TypeCache.ScanAssembly (0ms)
			ScanForSourceGeneratedMonoScriptInfo (0ms)
			ResolveRequiredComponents (3ms)
	FinalizeReload (795ms)
		ReleaseScriptCaches (0ms)
		RebuildScriptCaches (0ms)
		SetupLoadedEditorAssemblies (399ms)
			LogAssemblyErrors (0ms)
			InitializePlatformSupportModulesInManaged (6ms)
			SetLoadedEditorAssemblies (4ms)
			RefreshPlugins (0ms)
			BeforeProcessingInitializeOnLoad (56ms)
			ProcessInitializeOnLoadAttributes (308ms)
			ProcessInitializeOnLoadMethodAttributes (19ms)
			AfterProcessingInitializeOnLoad (6ms)
			EditorAssembliesLoaded (0ms)
		ExecutionOrderSort2 (0ms)
		AwakeInstancesAfterBackupRestoration (7ms)
Refreshing native plugins compatible for Editor in 3.41 ms, found 3 plugins.
Preloading 0 native plugins for Editor in 0.00 ms.
Unloading 3128 Unused Serialized files (Serialized files now loaded: 0)
Unloading 23 unused Assets / (29.6 KB). Loaded Objects now: 3687.
Memory consumption went from 123.9 MB to 123.8 MB.
Total: 2.334200 ms (FindLiveObjects: 0.167800 ms CreateObjectMapping: 0.073200 ms MarkObjects: 2.059200 ms  DeleteObjects: 0.033400 ms)

Prepare: number of updated asset objects reloaded= 0
AssetImportParameters requested are different than current active one (requested -> active):
  custom:container-demuxer-ogg: 62fdf1f143b41e24485cea50d1cbac27 -> 
  custom:video-decoder-ogg-theora: a1e56fd34408186e4bbccfd4996cb3dc -> 
  custom:framework-win-MediaFoundation: 216162199b28c13a410421893ffa2e32 -> 
  custom:CustomObjectIndexerAttribute: 756ad292c208cfabdd7b50bc23989ffe -> 
  custom:container-demuxer-webm: 4f35f7cbe854078d1ac9338744f61a02 -> 
  custom:container-muxer-webm: aa71ff27fc2769a1b78a27578f13a17b -> 
  custom:video-decoder-webm-vp8: 9c59270c3fd7afecdb556c50c9e8de78 -> 
  custom:SearchIndexIgnoredProperties: e643bd26f0fe6173181afceb89e7c659 -> 
  custom:AudioImporter_EditorPlatform: d09bf68614088b80899f8185d706f6e7 -> 
  custom:video-encoder-webm-vp8: eb34c28f22e8b96e1ab97ce403110664 -> 
  custom:audio-decoder-ogg-vorbis: bf7c407c2cedff20999df2af8eb42d56 -> 
  custom:audio-encoder-webm-vorbis: bf7c407c2cedff20999df2af8eb42d56 -> 
========================================================================
Received Prepare
Begin MonoManager ReloadAssembly
- Loaded All Assemblies, in  2.515 seconds
Refreshing native plugins compatible for Editor in 2.76 ms, found 3 plugins.
Native extension for WindowsStandalone target not found
[Package Manager] Server::EnsureServerProcessIsRunning -- launch failed, reason: Unity was launched with the -noUpm command-line argument
[Package Manager] UpmClient::Send -- Unable to send message (not connected to UPM process).
[Package Manager] Cannot connect to Unity Package Manager local server
Mono: successfully reloaded assembly
- Finished resetting the current domain, in 10.458 seconds
Domain Reload Profiling: 12971ms
	BeginReloadAssembly (178ms)
		ExecutionOrderSort (0ms)
		DisableScriptedObjects (7ms)
		BackupInstance (0ms)
		ReleaseScriptingObjects (0ms)
		CreateAndSetChildDomain (47ms)
	RebuildCommonClasses (29ms)
	RebuildNativeTypeToScriptingClass (8ms)
	initialDomainReloadingComplete (31ms)
	LoadAllAssembliesAndSetupDomain (2267ms)
		LoadAssemblies (2333ms)
		RebuildTransferFunctionScriptingTraits (0ms)
		AnalyzeDomain (19ms)
			TypeCache.Refresh (9ms)
				TypeCache.ScanAssembly (1ms)
			ScanForSourceGeneratedMonoScriptInfo (6ms)
			ResolveRequiredComponents (4ms)
	FinalizeReload (10458ms)
		ReleaseScriptCaches (0ms)
		RebuildScriptCaches (0ms)
		SetupLoadedEditorAssemblies (407ms)
			LogAssemblyErrors (0ms)
			InitializePlatformSupportModulesInManaged (6ms)
			SetLoadedEditorAssemblies (5ms)
			RefreshPlugins (0ms)
			BeforeProcessingInitializeOnLoad (58ms)
			ProcessInitializeOnLoadAttributes (314ms)
			ProcessInitializeOnLoadMethodAttributes (19ms)
			AfterProcessingInitializeOnLoad (6ms)
			EditorAssembliesLoaded (0ms)
		ExecutionOrderSort2 (0ms)
		AwakeInstancesAfterBackupRestoration (7ms)
Refreshing native plugins compatible for Editor in 3.65 ms, found 3 plugins.
Preloading 0 native plugins for Editor in 0.00 ms.
Unloading 3128 Unused Serialized files (Serialized files now loaded: 0)
Unloading 23 unused Assets / (29.7 KB). Loaded Objects now: 3690.
Memory consumption went from 123.9 MB to 123.8 MB.
Total: 2.824800 ms (FindLiveObjects: 0.164000 ms CreateObjectMapping: 0.075000 ms MarkObjects: 2.530200 ms  DeleteObjects: 0.054800 ms)

Prepare: number of updated asset objects reloaded= 0
AssetImportParameters requested are different than current active one (requested -> active):
  custom:container-demuxer-ogg: 62fdf1f143b41e24485cea50d1cbac27 -> 
  custom:video-decoder-ogg-theora: a1e56fd34408186e4bbccfd4996cb3dc -> 
  custom:framework-win-MediaFoundation: 216162199b28c13a410421893ffa2e32 -> 
  custom:CustomObjectIndexerAttribute: 756ad292c208cfabdd7b50bc23989ffe -> 
  custom:container-demuxer-webm: 4f35f7cbe854078d1ac9338744f61a02 -> 
  custom:container-muxer-webm: aa71ff27fc2769a1b78a27578f13a17b -> 
  custom:video-decoder-webm-vp8: 9c59270c3fd7afecdb556c50c9e8de78 -> 
  custom:SearchIndexIgnoredProperties: e643bd26f0fe6173181afceb89e7c659 -> 
  custom:AudioImporter_EditorPlatform: d09bf68614088b80899f8185d706f6e7 -> 
  custom:video-encoder-webm-vp8: eb34c28f22e8b96e1ab97ce403110664 -> 
  custom:audio-decoder-ogg-vorbis: bf7c407c2cedff20999df2af8eb42d56 -> 
  custom:audio-encoder-webm-vorbis: bf7c407c2cedff20999df2af8eb42d56 -> 
========================================================================
Received Prepare
Begin MonoManager ReloadAssembly
- Loaded All Assemblies, in  0.427 seconds
Refreshing native plugins compatible for Editor in 3.49 ms, found 3 plugins.
Native extension for WindowsStandalone target not found
[Package Manager] Server::EnsureServerProcessIsRunning -- launch failed, reason: Unity was launched with the -noUpm command-line argument
[Package Manager] UpmClient::Send -- Unable to send message (not connected to UPM process).
[Package Manager] Cannot connect to Unity Package Manager local server
Mono: successfully reloaded assembly
- Finished resetting the current domain, in  0.882 seconds
Domain Reload Profiling: 1307ms
	BeginReloadAssembly (145ms)
		ExecutionOrderSort (0ms)
		DisableScriptedObjects (5ms)
		BackupInstance (0ms)
		ReleaseScriptingObjects (0ms)
		CreateAndSetChildDomain (28ms)
	RebuildCommonClasses (33ms)
	RebuildNativeTypeToScriptingClass (11ms)
	initialDomainReloadingComplete (31ms)
	LoadAllAssembliesAndSetupDomain (205ms)
		LoadAssemblies (277ms)
		RebuildTransferFunctionScriptingTraits (0ms)
		AnalyzeDomain (10ms)
			TypeCache.Refresh (5ms)
				TypeCache.ScanAssembly (0ms)
			ScanForSourceGeneratedMonoScriptInfo (0ms)
			ResolveRequiredComponents (4ms)
	FinalizeReload (883ms)
		ReleaseScriptCaches (0ms)
		RebuildScriptCaches (0ms)
		SetupLoadedEditorAssemblies (408ms)
			LogAssemblyErrors (0ms)
			InitializePlatformSupportModulesInManaged (6ms)
			SetLoadedEditorAssemblies (4ms)
			RefreshPlugins (0ms)
			BeforeProcessingInitializeOnLoad (54ms)
			ProcessInitializeOnLoadAttributes (318ms)
			ProcessInitializeOnLoadMethodAttributes (20ms)
			AfterProcessingInitializeOnLoad (7ms)
			EditorAssembliesLoaded (0ms)
		ExecutionOrderSort2 (0ms)
		AwakeInstancesAfterBackupRestoration (8ms)
Refreshing native plugins compatible for Editor in 6.56 ms, found 3 plugins.
Preloading 0 native plugins for Editor in 0.00 ms.
Unloading 3128 Unused Serialized files (Serialized files now loaded: 0)
Unloading 23 unused Assets / (29.7 KB). Loaded Objects now: 3693.
Memory consumption went from 123.9 MB to 123.8 MB.
Total: 2.187800 ms (FindLiveObjects: 0.182100 ms CreateObjectMapping: 0.087500 ms MarkObjects: 1.868300 ms  DeleteObjects: 0.049200 ms)

Prepare: number of updated asset objects reloaded= 0
AssetImportParameters requested are different than current active one (requested -> active):
  custom:container-demuxer-ogg: 62fdf1f143b41e24485cea50d1cbac27 -> 
  custom:video-decoder-ogg-theora: a1e56fd34408186e4bbccfd4996cb3dc -> 
  custom:framework-win-MediaFoundation: 216162199b28c13a410421893ffa2e32 -> 
  custom:CustomObjectIndexerAttribute: 756ad292c208cfabdd7b50bc23989ffe -> 
  custom:container-demuxer-webm: 4f35f7cbe854078d1ac9338744f61a02 -> 
  custom:container-muxer-webm: aa71ff27fc2769a1b78a27578f13a17b -> 
  custom:video-decoder-webm-vp8: 9c59270c3fd7afecdb556c50c9e8de78 -> 
  custom:SearchIndexIgnoredProperties: e643bd26f0fe6173181afceb89e7c659 -> 
  custom:AudioImporter_EditorPlatform: d09bf68614088b80899f8185d706f6e7 -> 
  custom:video-encoder-webm-vp8: eb34c28f22e8b96e1ab97ce403110664 -> 
  custom:audio-decoder-ogg-vorbis: bf7c407c2cedff20999df2af8eb42d56 -> 
  custom:audio-encoder-webm-vorbis: bf7c407c2cedff20999df2af8eb42d56 -> 
========================================================================
Received Prepare
Begin MonoManager ReloadAssembly
- Loaded All Assemblies, in  0.359 seconds
Refreshing native plugins compatible for Editor in 3.47 ms, found 3 plugins.
Native extension for WindowsStandalone target not found
[Package Manager] Server::EnsureServerProcessIsRunning -- launch failed, reason: Unity was launched with the -noUpm command-line argument
[Package Manager] UpmClient::Send -- Unable to send message (not connected to UPM process).
[Package Manager] Cannot connect to Unity Package Manager local server
Mono: successfully reloaded assembly
- Finished resetting the current domain, in  0.902 seconds
Domain Reload Profiling: 1258ms
	BeginReloadAssembly (124ms)
		ExecutionOrderSort (0ms)
		DisableScriptedObjects (3ms)
		BackupInstance (0ms)
		ReleaseScriptingObjects (0ms)
		CreateAndSetChildDomain (26ms)
	RebuildCommonClasses (24ms)
	RebuildNativeTypeToScriptingClass (9ms)
	initialDomainReloadingComplete (25ms)
	LoadAllAssembliesAndSetupDomain (175ms)
		LoadAssemblies (230ms)
		RebuildTransferFunctionScriptingTraits (0ms)
		AnalyzeDomain (12ms)
			TypeCache.Refresh (5ms)
				TypeCache.ScanAssembly (0ms)
			ScanForSourceGeneratedMonoScriptInfo (0ms)
			ResolveRequiredComponents (4ms)
	FinalizeReload (903ms)
		ReleaseScriptCaches (0ms)
		RebuildScriptCaches (0ms)
		SetupLoadedEditorAssemblies (409ms)
			LogAssemblyErrors (0ms)
			InitializePlatformSupportModulesInManaged (6ms)
			SetLoadedEditorAssemblies (3ms)
			RefreshPlugins (0ms)
			BeforeProcessingInitializeOnLoad (55ms)
			ProcessInitializeOnLoadAttributes (317ms)
			ProcessInitializeOnLoadMethodAttributes (20ms)
			AfterProcessingInitializeOnLoad (7ms)
			EditorAssembliesLoaded (0ms)
		ExecutionOrderSort2 (0ms)
		AwakeInstancesAfterBackupRestoration (8ms)
Refreshing native plugins compatible for Editor in 3.20 ms, found 3 plugins.
Preloading 0 native plugins for Editor in 0.00 ms.
Unloading 3128 Unused Serialized files (Serialized files now loaded: 0)
Unloading 23 unused Assets / (29.7 KB). Loaded Objects now: 3696.
Memory consumption went from 123.9 MB to 123.8 MB.
Total: 2.512300 ms (FindLiveObjects: 0.200600 ms CreateObjectMapping: 0.111000 ms MarkObjects: 2.163200 ms  DeleteObjects: 0.036700 ms)

Prepare: number of updated asset objects reloaded= 0
AssetImportParameters requested are different than current active one (requested -> active):
  custom:container-demuxer-ogg: 62fdf1f143b41e24485cea50d1cbac27 -> 
  custom:video-decoder-ogg-theora: a1e56fd34408186e4bbccfd4996cb3dc -> 
  custom:framework-win-MediaFoundation: 216162199b28c13a410421893ffa2e32 -> 
  custom:CustomObjectIndexerAttribute: 756ad292c208cfabdd7b50bc23989ffe -> 
  custom:container-demuxer-webm: 4f35f7cbe854078d1ac9338744f61a02 -> 
  custom:container-muxer-webm: aa71ff27fc2769a1b78a27578f13a17b -> 
  custom:video-decoder-webm-vp8: 9c59270c3fd7afecdb556c50c9e8de78 -> 
  custom:SearchIndexIgnoredProperties: e643bd26f0fe6173181afceb89e7c659 -> 
  custom:AudioImporter_EditorPlatform: d09bf68614088b80899f8185d706f6e7 -> 
  custom:video-encoder-webm-vp8: eb34c28f22e8b96e1ab97ce403110664 -> 
  custom:audio-decoder-ogg-vorbis: bf7c407c2cedff20999df2af8eb42d56 -> 
  custom:audio-encoder-webm-vorbis: bf7c407c2cedff20999df2af8eb42d56 -> 
========================================================================
Received Prepare
Begin MonoManager ReloadAssembly
- Loaded All Assemblies, in  0.340 seconds
Refreshing native plugins compatible for Editor in 3.23 ms, found 3 plugins.
Native extension for WindowsStandalone target not found
[Package Manager] Server::EnsureServerProcessIsRunning -- launch failed, reason: Unity was launched with the -noUpm command-line argument
[Package Manager] UpmClient::Send -- Unable to send message (not connected to UPM process).
[Package Manager] Cannot connect to Unity Package Manager local server
Mono: successfully reloaded assembly
- Finished resetting the current domain, in  0.804 seconds
Domain Reload Profiling: 1142ms
	BeginReloadAssembly (120ms)
		ExecutionOrderSort (0ms)
		DisableScriptedObjects (4ms)
		BackupInstance (0ms)
		ReleaseScriptingObjects (0ms)
		CreateAndSetChildDomain (24ms)
	RebuildCommonClasses (23ms)
	RebuildNativeTypeToScriptingClass (7ms)
	initialDomainReloadingComplete (24ms)
	LoadAllAssembliesAndSetupDomain (164ms)
		LoadAssemblies (219ms)
		RebuildTransferFunctionScriptingTraits (0ms)
		AnalyzeDomain (10ms)
			TypeCache.Refresh (4ms)
				TypeCache.ScanAssembly (0ms)
			ScanForSourceGeneratedMonoScriptInfo (0ms)
			ResolveRequiredComponents (3ms)
	FinalizeReload (804ms)
		ReleaseScriptCaches (0ms)
		RebuildScriptCaches (0ms)
		SetupLoadedEditorAssemblies (389ms)
			LogAssemblyErrors (0ms)
			InitializePlatformSupportModulesInManaged (6ms)
			SetLoadedEditorAssemblies (4ms)
			RefreshPlugins (0ms)
			BeforeProcessingInitializeOnLoad (54ms)
			ProcessInitializeOnLoadAttributes (305ms)
			ProcessInitializeOnLoadMethodAttributes (15ms)
			AfterProcessingInitializeOnLoad (5ms)
			EditorAssembliesLoaded (0ms)
		ExecutionOrderSort2 (0ms)
		AwakeInstancesAfterBackupRestoration (7ms)
Refreshing native plugins compatible for Editor in 3.22 ms, found 3 plugins.
Preloading 0 native plugins for Editor in 0.00 ms.
Unloading 3128 Unused Serialized files (Serialized files now loaded: 0)
Unloading 23 unused Assets / (29.7 KB). Loaded Objects now: 3699.
Memory consumption went from 123.9 MB to 123.8 MB.
Total: 2.082900 ms (FindLiveObjects: 0.160000 ms CreateObjectMapping: 0.068300 ms MarkObjects: 1.817100 ms  DeleteObjects: 0.036900 ms)

Prepare: number of updated asset objects reloaded= 0
AssetImportParameters requested are different than current active one (requested -> active):
  custom:container-demuxer-ogg: 62fdf1f143b41e24485cea50d1cbac27 -> 
  custom:video-decoder-ogg-theora: a1e56fd34408186e4bbccfd4996cb3dc -> 
  custom:framework-win-MediaFoundation: 216162199b28c13a410421893ffa2e32 -> 
  custom:CustomObjectIndexerAttribute: 756ad292c208cfabdd7b50bc23989ffe -> 
  custom:container-demuxer-webm: 4f35f7cbe854078d1ac9338744f61a02 -> 
  custom:container-muxer-webm: aa71ff27fc2769a1b78a27578f13a17b -> 
  custom:video-decoder-webm-vp8: 9c59270c3fd7afecdb556c50c9e8de78 -> 
  custom:SearchIndexIgnoredProperties: e643bd26f0fe6173181afceb89e7c659 -> 
  custom:AudioImporter_EditorPlatform: d09bf68614088b80899f8185d706f6e7 -> 
  custom:video-encoder-webm-vp8: eb34c28f22e8b96e1ab97ce403110664 -> 
  custom:audio-decoder-ogg-vorbis: bf7c407c2cedff20999df2af8eb42d56 -> 
  custom:audio-encoder-webm-vorbis: bf7c407c2cedff20999df2af8eb42d56 -> 
========================================================================
Received Import Request.
  Time since last request: 9196.432172 seconds.
  path: Assets/Scripts/GameStatsDisplay1.cs
  artifactKey: Guid(349b4519cf7c5a44baf7879c45a3a8ad) Importer(815301076,1909f56bfc062723c751e8b465ee728b)
Start importing Assets/Scripts/GameStatsDisplay1.cs using Guid(349b4519cf7c5a44baf7879c45a3a8ad) Importer(815301076,1909f56bfc062723c751e8b465ee728b)  -> (artifact id: '42d4dec57703ea687a339094ab1ecdad') in 0.003343 seconds
Number of updated asset objects reloaded before import = 0
Number of asset objects unloaded after import = 0
========================================================================
Received Prepare
Begin MonoManager ReloadAssembly
- Loaded All Assemblies, in  0.399 seconds
Refreshing native plugins compatible for Editor in 2.60 ms, found 3 plugins.
Native extension for WindowsStandalone target not found
[Package Manager] Server::EnsureServerProcessIsRunning -- launch failed, reason: Unity was launched with the -noUpm command-line argument
[Package Manager] UpmClient::Send -- Unable to send message (not connected to UPM process).
[Package Manager] Cannot connect to Unity Package Manager local server
Mono: successfully reloaded assembly
- Finished resetting the current domain, in  0.853 seconds
Domain Reload Profiling: 1250ms
	BeginReloadAssembly (138ms)
		ExecutionOrderSort (0ms)
		DisableScriptedObjects (5ms)
		BackupInstance (0ms)
		ReleaseScriptingObjects (0ms)
		CreateAndSetChildDomain (30ms)
	RebuildCommonClasses (29ms)
	RebuildNativeTypeToScriptingClass (13ms)
	initialDomainReloadingComplete (26ms)
	LoadAllAssembliesAndSetupDomain (192ms)
		LoadAssemblies (249ms)
		RebuildTransferFunctionScriptingTraits (0ms)
		AnalyzeDomain (19ms)
			TypeCache.Refresh (7ms)
				TypeCache.ScanAssembly (1ms)
			ScanForSourceGeneratedMonoScriptInfo (5ms)
			ResolveRequiredComponents (5ms)
	FinalizeReload (853ms)
		ReleaseScriptCaches (0ms)
		RebuildScriptCaches (0ms)
		SetupLoadedEditorAssemblies (343ms)
			LogAssemblyErrors (0ms)
			InitializePlatformSupportModulesInManaged (5ms)
			SetLoadedEditorAssemblies (4ms)
			RefreshPlugins (0ms)
			BeforeProcessingInitializeOnLoad (49ms)
			ProcessInitializeOnLoadAttributes (265ms)
			ProcessInitializeOnLoadMethodAttributes (16ms)
			AfterProcessingInitializeOnLoad (5ms)
			EditorAssembliesLoaded (0ms)
		ExecutionOrderSort2 (0ms)
		AwakeInstancesAfterBackupRestoration (6ms)
Refreshing native plugins compatible for Editor in 2.70 ms, found 3 plugins.
Preloading 0 native plugins for Editor in 0.00 ms.
Unloading 3128 Unused Serialized files (Serialized files now loaded: 0)
Unloading 23 unused Assets / (29.8 KB). Loaded Objects now: 3702.
Memory consumption went from 123.8 MB to 123.8 MB.
Total: 2.019000 ms (FindLiveObjects: 0.147600 ms CreateObjectMapping: 0.065800 ms MarkObjects: 1.771900 ms  DeleteObjects: 0.032800 ms)

Prepare: number of updated asset objects reloaded= 0
AssetImportParameters requested are different than current active one (requested -> active):
  custom:container-demuxer-ogg: 62fdf1f143b41e24485cea50d1cbac27 -> 
  custom:video-decoder-ogg-theora: a1e56fd34408186e4bbccfd4996cb3dc -> 
  custom:framework-win-MediaFoundation: 216162199b28c13a410421893ffa2e32 -> 
  custom:CustomObjectIndexerAttribute: 756ad292c208cfabdd7b50bc23989ffe -> 
  custom:container-demuxer-webm: 4f35f7cbe854078d1ac9338744f61a02 -> 
  custom:container-muxer-webm: aa71ff27fc2769a1b78a27578f13a17b -> 
  custom:video-decoder-webm-vp8: 9c59270c3fd7afecdb556c50c9e8de78 -> 
  custom:SearchIndexIgnoredProperties: e643bd26f0fe6173181afceb89e7c659 -> 
  custom:AudioImporter_EditorPlatform: d09bf68614088b80899f8185d706f6e7 -> 
  custom:video-encoder-webm-vp8: eb34c28f22e8b96e1ab97ce403110664 -> 
  custom:audio-decoder-ogg-vorbis: bf7c407c2cedff20999df2af8eb42d56 -> 
  custom:audio-encoder-webm-vorbis: bf7c407c2cedff20999df2af8eb42d56 -> 
========================================================================
Received Prepare
Begin MonoManager ReloadAssembly
- Loaded All Assemblies, in  0.393 seconds
Refreshing native plugins compatible for Editor in 2.58 ms, found 3 plugins.
Native extension for WindowsStandalone target not found
[Package Manager] Server::EnsureServerProcessIsRunning -- launch failed, reason: Unity was launched with the -noUpm command-line argument
[Package Manager] UpmClient::Send -- Unable to send message (not connected to UPM process).
[Package Manager] Cannot connect to Unity Package Manager local server
Mono: successfully reloaded assembly
- Finished resetting the current domain, in  0.868 seconds
Domain Reload Profiling: 1260ms
	BeginReloadAssembly (132ms)
		ExecutionOrderSort (0ms)
		DisableScriptedObjects (4ms)
		BackupInstance (0ms)
		ReleaseScriptingObjects (0ms)
		CreateAndSetChildDomain (26ms)
	RebuildCommonClasses (31ms)
	RebuildNativeTypeToScriptingClass (8ms)
	initialDomainReloadingComplete (24ms)
	LoadAllAssembliesAndSetupDomain (196ms)
		LoadAssemblies (254ms)
		RebuildTransferFunctionScriptingTraits (0ms)
		AnalyzeDomain (12ms)
			TypeCache.Refresh (5ms)
				TypeCache.ScanAssembly (0ms)
			ScanForSourceGeneratedMonoScriptInfo (0ms)
			ResolveRequiredComponents (5ms)
	FinalizeReload (869ms)
		ReleaseScriptCaches (0ms)
		RebuildScriptCaches (0ms)
		SetupLoadedEditorAssemblies (411ms)
			LogAssemblyErrors (0ms)
			InitializePlatformSupportModulesInManaged (6ms)
			SetLoadedEditorAssemblies (4ms)
			RefreshPlugins (0ms)
			BeforeProcessingInitializeOnLoad (54ms)
			ProcessInitializeOnLoadAttributes (321ms)
			ProcessInitializeOnLoadMethodAttributes (19ms)
			AfterProcessingInitializeOnLoad (7ms)
			EditorAssembliesLoaded (0ms)
		ExecutionOrderSort2 (0ms)
		AwakeInstancesAfterBackupRestoration (7ms)
Refreshing native plugins compatible for Editor in 3.08 ms, found 3 plugins.
Preloading 0 native plugins for Editor in 0.00 ms.
Unloading 3128 Unused Serialized files (Serialized files now loaded: 0)
Unloading 23 unused Assets / (29.8 KB). Loaded Objects now: 3705.
Memory consumption went from 123.8 MB to 123.8 MB.
Total: 2.355600 ms (FindLiveObjects: 0.166800 ms CreateObjectMapping: 0.070700 ms MarkObjects: 2.081900 ms  DeleteObjects: 0.035300 ms)

Prepare: number of updated asset objects reloaded= 0
AssetImportParameters requested are different than current active one (requested -> active):
  custom:container-demuxer-ogg: 62fdf1f143b41e24485cea50d1cbac27 -> 
  custom:video-decoder-ogg-theora: a1e56fd34408186e4bbccfd4996cb3dc -> 
  custom:framework-win-MediaFoundation: 216162199b28c13a410421893ffa2e32 -> 
  custom:CustomObjectIndexerAttribute: 756ad292c208cfabdd7b50bc23989ffe -> 
  custom:container-demuxer-webm: 4f35f7cbe854078d1ac9338744f61a02 -> 
  custom:container-muxer-webm: aa71ff27fc2769a1b78a27578f13a17b -> 
  custom:video-decoder-webm-vp8: 9c59270c3fd7afecdb556c50c9e8de78 -> 
  custom:SearchIndexIgnoredProperties: e643bd26f0fe6173181afceb89e7c659 -> 
  custom:AudioImporter_EditorPlatform: d09bf68614088b80899f8185d706f6e7 -> 
  custom:video-encoder-webm-vp8: eb34c28f22e8b96e1ab97ce403110664 -> 
  custom:audio-decoder-ogg-vorbis: bf7c407c2cedff20999df2af8eb42d56 -> 
  custom:audio-encoder-webm-vorbis: bf7c407c2cedff20999df2af8eb42d56 -> 
========================================================================
Received Prepare
Begin MonoManager ReloadAssembly
- Loaded All Assemblies, in  0.363 seconds
Refreshing native plugins compatible for Editor in 3.27 ms, found 3 plugins.
Native extension for WindowsStandalone target not found
[Package Manager] Server::EnsureServerProcessIsRunning -- launch failed, reason: Unity was launched with the -noUpm command-line argument
[Package Manager] UpmClient::Send -- Unable to send message (not connected to UPM process).
[Package Manager] Cannot connect to Unity Package Manager local server
Mono: successfully reloaded assembly
- Finished resetting the current domain, in  0.863 seconds
Domain Reload Profiling: 1224ms
	BeginReloadAssembly (121ms)
		ExecutionOrderSort (0ms)
		DisableScriptedObjects (4ms)
		BackupInstance (0ms)
		ReleaseScriptingObjects (0ms)
		CreateAndSetChildDomain (27ms)
	RebuildCommonClasses (26ms)
	RebuildNativeTypeToScriptingClass (10ms)
	initialDomainReloadingComplete (23ms)
	LoadAllAssembliesAndSetupDomain (181ms)
		LoadAssemblies (228ms)
		RebuildTransferFunctionScriptingTraits (0ms)
		AnalyzeDomain (17ms)
			TypeCache.Refresh (7ms)
				TypeCache.ScanAssembly (1ms)
			ScanForSourceGeneratedMonoScriptInfo (5ms)
			ResolveRequiredComponents (3ms)
	FinalizeReload (863ms)
		ReleaseScriptCaches (0ms)
		RebuildScriptCaches (0ms)
		SetupLoadedEditorAssemblies (355ms)
			LogAssemblyErrors (0ms)
			InitializePlatformSupportModulesInManaged (5ms)
			SetLoadedEditorAssemblies (4ms)
			RefreshPlugins (0ms)
			BeforeProcessingInitializeOnLoad (51ms)
			ProcessInitializeOnLoadAttributes (275ms)
			ProcessInitializeOnLoadMethodAttributes (14ms)
			AfterProcessingInitializeOnLoad (5ms)
			EditorAssembliesLoaded (0ms)
		ExecutionOrderSort2 (0ms)
		AwakeInstancesAfterBackupRestoration (6ms)
Refreshing native plugins compatible for Editor in 2.77 ms, found 3 plugins.
Preloading 0 native plugins for Editor in 0.00 ms.
Unloading 3128 Unused Serialized files (Serialized files now loaded: 0)
Unloading 23 unused Assets / (29.7 KB). Loaded Objects now: 3708.
Memory consumption went from 123.8 MB to 123.8 MB.
Total: 2.071200 ms (FindLiveObjects: 0.146600 ms CreateObjectMapping: 0.078200 ms MarkObjects: 1.812400 ms  DeleteObjects: 0.033200 ms)

Prepare: number of updated asset objects reloaded= 0
AssetImportParameters requested are different than current active one (requested -> active):
  custom:container-demuxer-ogg: 62fdf1f143b41e24485cea50d1cbac27 -> 
  custom:video-decoder-ogg-theora: a1e56fd34408186e4bbccfd4996cb3dc -> 
  custom:framework-win-MediaFoundation: 216162199b28c13a410421893ffa2e32 -> 
  custom:CustomObjectIndexerAttribute: 756ad292c208cfabdd7b50bc23989ffe -> 
  custom:container-demuxer-webm: 4f35f7cbe854078d1ac9338744f61a02 -> 
  custom:container-muxer-webm: aa71ff27fc2769a1b78a27578f13a17b -> 
  custom:video-decoder-webm-vp8: 9c59270c3fd7afecdb556c50c9e8de78 -> 
  custom:SearchIndexIgnoredProperties: e643bd26f0fe6173181afceb89e7c659 -> 
  custom:AudioImporter_EditorPlatform: d09bf68614088b80899f8185d706f6e7 -> 
  custom:video-encoder-webm-vp8: eb34c28f22e8b96e1ab97ce403110664 -> 
  custom:audio-decoder-ogg-vorbis: bf7c407c2cedff20999df2af8eb42d56 -> 
  custom:audio-encoder-webm-vorbis: bf7c407c2cedff20999df2af8eb42d56 -> 
========================================================================
Received Prepare
Begin MonoManager ReloadAssembly
- Loaded All Assemblies, in  0.352 seconds
Refreshing native plugins compatible for Editor in 3.98 ms, found 3 plugins.
Native extension for WindowsStandalone target not found
[Package Manager] Server::EnsureServerProcessIsRunning -- launch failed, reason: Unity was launched with the -noUpm command-line argument
[Package Manager] UpmClient::Send -- Unable to send message (not connected to UPM process).
[Package Manager] Cannot connect to Unity Package Manager local server
Mono: successfully reloaded assembly
- Finished resetting the current domain, in  0.839 seconds
Domain Reload Profiling: 1189ms
	BeginReloadAssembly (122ms)
		ExecutionOrderSort (0ms)
		DisableScriptedObjects (5ms)
		BackupInstance (0ms)
		ReleaseScriptingObjects (0ms)
		CreateAndSetChildDomain (25ms)
	RebuildCommonClasses (25ms)
	RebuildNativeTypeToScriptingClass (8ms)
	initialDomainReloadingComplete (22ms)
	LoadAllAssembliesAndSetupDomain (172ms)
		LoadAssemblies (223ms)
		RebuildTransferFunctionScriptingTraits (0ms)
		AnalyzeDomain (11ms)
			TypeCache.Refresh (4ms)
				TypeCache.ScanAssembly (0ms)
			ScanForSourceGeneratedMonoScriptInfo (0ms)
			ResolveRequiredComponents (5ms)
	FinalizeReload (839ms)
		ReleaseScriptCaches (0ms)
		RebuildScriptCaches (0ms)
		SetupLoadedEditorAssemblies (397ms)
			LogAssemblyErrors (0ms)
			InitializePlatformSupportModulesInManaged (6ms)
			SetLoadedEditorAssemblies (4ms)
			RefreshPlugins (0ms)
			BeforeProcessingInitializeOnLoad (54ms)
			ProcessInitializeOnLoadAttributes (309ms)
			ProcessInitializeOnLoadMethodAttributes (17ms)
			AfterProcessingInitializeOnLoad (6ms)
			EditorAssembliesLoaded (0ms)
		ExecutionOrderSort2 (0ms)
		AwakeInstancesAfterBackupRestoration (8ms)
Refreshing native plugins compatible for Editor in 4.89 ms, found 3 plugins.
Preloading 0 native plugins for Editor in 0.00 ms.
Unloading 3128 Unused Serialized files (Serialized files now loaded: 0)
Unloading 23 unused Assets / (29.7 KB). Loaded Objects now: 3711.
Memory consumption went from 123.8 MB to 123.8 MB.
Total: 2.321600 ms (FindLiveObjects: 0.152400 ms CreateObjectMapping: 0.155800 ms MarkObjects: 1.979000 ms  DeleteObjects: 0.033600 ms)

Prepare: number of updated asset objects reloaded= 0
AssetImportParameters requested are different than current active one (requested -> active):
  custom:container-demuxer-ogg: 62fdf1f143b41e24485cea50d1cbac27 -> 
  custom:video-decoder-ogg-theora: a1e56fd34408186e4bbccfd4996cb3dc -> 
  custom:framework-win-MediaFoundation: 216162199b28c13a410421893ffa2e32 -> 
  custom:CustomObjectIndexerAttribute: 756ad292c208cfabdd7b50bc23989ffe -> 
  custom:container-demuxer-webm: 4f35f7cbe854078d1ac9338744f61a02 -> 
  custom:container-muxer-webm: aa71ff27fc2769a1b78a27578f13a17b -> 
  custom:video-decoder-webm-vp8: 9c59270c3fd7afecdb556c50c9e8de78 -> 
  custom:SearchIndexIgnoredProperties: e643bd26f0fe6173181afceb89e7c659 -> 
  custom:AudioImporter_EditorPlatform: d09bf68614088b80899f8185d706f6e7 -> 
  custom:video-encoder-webm-vp8: eb34c28f22e8b96e1ab97ce403110664 -> 
  custom:audio-decoder-ogg-vorbis: bf7c407c2cedff20999df2af8eb42d56 -> 
  custom:audio-encoder-webm-vorbis: bf7c407c2cedff20999df2af8eb42d56 -> 
========================================================================
Received Prepare
Begin MonoManager ReloadAssembly
- Loaded All Assemblies, in  0.377 seconds
Refreshing native plugins compatible for Editor in 2.55 ms, found 3 plugins.
Native extension for WindowsStandalone target not found
[Package Manager] Server::EnsureServerProcessIsRunning -- launch failed, reason: Unity was launched with the -noUpm command-line argument
[Package Manager] UpmClient::Send -- Unable to send message (not connected to UPM process).
[Package Manager] Cannot connect to Unity Package Manager local server
Mono: successfully reloaded assembly
- Finished resetting the current domain, in  0.905 seconds
Domain Reload Profiling: 1280ms
	BeginReloadAssembly (128ms)
		ExecutionOrderSort (0ms)
		DisableScriptedObjects (4ms)
		BackupInstance (0ms)
		ReleaseScriptingObjects (0ms)
		CreateAndSetChildDomain (25ms)
	RebuildCommonClasses (24ms)
	RebuildNativeTypeToScriptingClass (12ms)
	initialDomainReloadingComplete (30ms)
	LoadAllAssembliesAndSetupDomain (180ms)
		LoadAssemblies (242ms)
		RebuildTransferFunctionScriptingTraits (0ms)
		AnalyzeDomain (9ms)
			TypeCache.Refresh (4ms)
				TypeCache.ScanAssembly (0ms)
			ScanForSourceGeneratedMonoScriptInfo (0ms)
			ResolveRequiredComponents (3ms)
	FinalizeReload (906ms)
		ReleaseScriptCaches (0ms)
		RebuildScriptCaches (0ms)
		SetupLoadedEditorAssemblies (400ms)
			LogAssemblyErrors (0ms)
			InitializePlatformSupportModulesInManaged (6ms)
			SetLoadedEditorAssemblies (3ms)
			RefreshPlugins (0ms)
			BeforeProcessingInitializeOnLoad (53ms)
			ProcessInitializeOnLoadAttributes (314ms)
			ProcessInitializeOnLoadMethodAttributes (17ms)
			AfterProcessingInitializeOnLoad (6ms)
			EditorAssembliesLoaded (0ms)
		ExecutionOrderSort2 (0ms)
		AwakeInstancesAfterBackupRestoration (7ms)
Refreshing native plugins compatible for Editor in 3.52 ms, found 3 plugins.
Preloading 0 native plugins for Editor in 0.00 ms.
Unloading 3128 Unused Serialized files (Serialized files now loaded: 0)
Unloading 23 unused Assets / (29.7 KB). Loaded Objects now: 3714.
Memory consumption went from 123.8 MB to 123.8 MB.
Total: 2.230300 ms (FindLiveObjects: 0.152900 ms CreateObjectMapping: 0.070800 ms MarkObjects: 1.969800 ms  DeleteObjects: 0.035900 ms)

Prepare: number of updated asset objects reloaded= 0
AssetImportParameters requested are different than current active one (requested -> active):
  custom:container-demuxer-ogg: 62fdf1f143b41e24485cea50d1cbac27 -> 
  custom:video-decoder-ogg-theora: a1e56fd34408186e4bbccfd4996cb3dc -> 
  custom:framework-win-MediaFoundation: 216162199b28c13a410421893ffa2e32 -> 
  custom:CustomObjectIndexerAttribute: 756ad292c208cfabdd7b50bc23989ffe -> 
  custom:container-demuxer-webm: 4f35f7cbe854078d1ac9338744f61a02 -> 
  custom:container-muxer-webm: aa71ff27fc2769a1b78a27578f13a17b -> 
  custom:video-decoder-webm-vp8: 9c59270c3fd7afecdb556c50c9e8de78 -> 
  custom:SearchIndexIgnoredProperties: e643bd26f0fe6173181afceb89e7c659 -> 
  custom:AudioImporter_EditorPlatform: d09bf68614088b80899f8185d706f6e7 -> 
  custom:video-encoder-webm-vp8: eb34c28f22e8b96e1ab97ce403110664 -> 
  custom:audio-decoder-ogg-vorbis: bf7c407c2cedff20999df2af8eb42d56 -> 
  custom:audio-encoder-webm-vorbis: bf7c407c2cedff20999df2af8eb42d56 -> 
